Copyright 1986-2022 Xilinx, Inc. All Rights Reserved. Copyright 2022-2024 Advanced Micro Devices, Inc. All Rights Reserved.
---------------------------------------------------------------------------------------------------------------------------------------------------------------------------------------------------------------------------------
| Tool Version : Vivado v.2024.1 (win64) Build 5076996 Wed May 22 18:37:14 MDT 2024
| Date         : Mon Dec 15 18:46:56 2025
| Host         : DESKTOP-24JNKSF running 64-bit major release  (build 9200)
| Command      : report_timing_summary -max_paths 10 -report_unconstrained -file ps2_keyboard_timing_summary_routed.rpt -pb ps2_keyboard_timing_summary_routed.pb -rpx ps2_keyboard_timing_summary_routed.rpx -warn_on_violation
| Design       : ps2_keyboard
| Device       : 7a100t-csg324
| Speed File   : -1  PRODUCTION 1.23 2018-06-13
| Design State : Routed
---------------------------------------------------------------------------------------------------------------------------------------------------------------------------------------------------------------------------------

Timing Summary Report

------------------------------------------------------------------------------------------------
| Timer Settings
| --------------
------------------------------------------------------------------------------------------------

  Enable Multi Corner Analysis               :  Yes
  Enable Pessimism Removal                   :  Yes
  Pessimism Removal Resolution               :  Nearest Common Node
  Enable Input Delay Default Clock           :  No
  Enable Preset / Clear Arcs                 :  No
  Disable Flight Delays                      :  No
  Ignore I/O Paths                           :  No
  Timing Early Launch at Borrowing Latches   :  No
  Borrow Time for Max Delay Exceptions       :  Yes
  Merge Timing Exceptions                    :  Yes
  Inter-SLR Compensation                     :  Conservative

  Corner  Analyze    Analyze    
  Name    Max Paths  Min Paths  
  ------  ---------  ---------  
  Slow    Yes        Yes        
  Fast    Yes        Yes        


------------------------------------------------------------------------------------------------
| Report Methodology
| ------------------
------------------------------------------------------------------------------------------------

Rule       Severity  Description                    Violations  
---------  --------  -----------------------------  ----------  
TIMING-18  Warning   Missing input or output delay  12          

Note: This report is based on the most recent report_methodology run and may not be up-to-date. Run report_methodology on the current design for the latest report.



check_timing report

Table of Contents
-----------------
1. checking no_clock (0)
2. checking constant_clock (0)
3. checking pulse_width_clock (0)
4. checking unconstrained_internal_endpoints (0)
5. checking no_input_delay (2)
6. checking no_output_delay (10)
7. checking multiple_clock (0)
8. checking generated_clocks (0)
9. checking loops (0)
10. checking partial_input_delay (0)
11. checking partial_output_delay (0)
12. checking latch_loops (0)

1. checking no_clock (0)
------------------------
 There are 0 register/latch pins with no clock.


2. checking constant_clock (0)
------------------------------
 There are 0 register/latch pins with constant_clock.


3. checking pulse_width_clock (0)
---------------------------------
 There are 0 register/latch pins which need pulse_width check


4. checking unconstrained_internal_endpoints (0)
------------------------------------------------
 There are 0 pins that are not constrained for maximum delay.

 There are 0 pins that are not constrained for maximum delay due to constant clock.


5. checking no_input_delay (2)
------------------------------
 There are 2 input ports with no input delay specified. (HIGH)

 There are 0 input ports with no input delay but user has a false path constraint.


6. checking no_output_delay (10)
--------------------------------
 There are 10 ports with no output delay specified. (HIGH)

 There are 0 ports with no output delay but user has a false path constraint

 There are 0 ports with no output delay but with a timing clock defined on it or propagating through it


7. checking multiple_clock (0)
------------------------------
 There are 0 register/latch pins with multiple clocks.


8. checking generated_clocks (0)
--------------------------------
 There are 0 generated clocks that are not connected to a clock source.


9. checking loops (0)
---------------------
 There are 0 combinational loops in the design.


10. checking partial_input_delay (0)
------------------------------------
 There are 0 input ports with partial input delay specified.


11. checking partial_output_delay (0)
-------------------------------------
 There are 0 ports with partial output delay specified.


12. checking latch_loops (0)
----------------------------
 There are 0 combinational latch loops in the design through latch input



------------------------------------------------------------------------------------------------
| Design Timing Summary
| ---------------------
------------------------------------------------------------------------------------------------

    WNS(ns)      TNS(ns)  TNS Failing Endpoints  TNS Total Endpoints      WHS(ns)      THS(ns)  THS Failing Endpoints  THS Total Endpoints     WPWS(ns)     TPWS(ns)  TPWS Failing Endpoints  TPWS Total Endpoints  
    -------      -------  ---------------------  -------------------      -------      -------  ---------------------  -------------------     --------     --------  ----------------------  --------------------  
      5.417        0.000                      0                  150        0.166        0.000                      0                  150        4.500        0.000                       0                    66  


All user specified timing constraints are met.


------------------------------------------------------------------------------------------------
| Clock Summary
| -------------
------------------------------------------------------------------------------------------------

Clock        Waveform(ns)       Period(ns)      Frequency(MHz)
-----        ------------       ----------      --------------
sys_clk_pin  {0.000 5.000}      10.000          100.000         


------------------------------------------------------------------------------------------------
| Intra Clock Table
| -----------------
------------------------------------------------------------------------------------------------

Clock             WNS(ns)      TNS(ns)  TNS Failing Endpoints  TNS Total Endpoints      WHS(ns)      THS(ns)  THS Failing Endpoints  THS Total Endpoints     WPWS(ns)     TPWS(ns)  TPWS Failing Endpoints  TPWS Total Endpoints  
-----             -------      -------  ---------------------  -------------------      -------      -------  ---------------------  -------------------     --------     --------  ----------------------  --------------------  
sys_clk_pin         5.417        0.000                      0                  150        0.166        0.000                      0                  150        4.500        0.000                       0                    66  


------------------------------------------------------------------------------------------------
| Inter Clock Table
| -----------------
------------------------------------------------------------------------------------------------

From Clock    To Clock          WNS(ns)      TNS(ns)  TNS Failing Endpoints  TNS Total Endpoints      WHS(ns)      THS(ns)  THS Failing Endpoints  THS Total Endpoints  
----------    --------          -------      -------  ---------------------  -------------------      -------      -------  ---------------------  -------------------  


------------------------------------------------------------------------------------------------
| Other Path Groups Table
| -----------------------
------------------------------------------------------------------------------------------------

Path Group    From Clock    To Clock          WNS(ns)      TNS(ns)  TNS Failing Endpoints  TNS Total Endpoints      WHS(ns)      THS(ns)  THS Failing Endpoints  THS Total Endpoints  
----------    ----------    --------          -------      -------  ---------------------  -------------------      -------      -------  ---------------------  -------------------  


------------------------------------------------------------------------------------------------
| User Ignored Path Table
| -----------------------
------------------------------------------------------------------------------------------------

Path Group    From Clock    To Clock    
----------    ----------    --------    


------------------------------------------------------------------------------------------------
| Unconstrained Path Table
| ------------------------
------------------------------------------------------------------------------------------------

Path Group    From Clock    To Clock    
----------    ----------    --------    
(none)        sys_clk_pin                 
(none)                      sys_clk_pin   


------------------------------------------------------------------------------------------------
| Timing Details
| --------------
------------------------------------------------------------------------------------------------


---------------------------------------------------------------------------------------------------
From Clock:  sys_clk_pin
  To Clock:  sys_clk_pin

Setup :            0  Failing Endpoints,  Worst Slack        5.417ns,  Total Violation        0.000ns
Hold  :            0  Failing Endpoints,  Worst Slack        0.166ns,  Total Violation        0.000ns
PW    :            0  Failing Endpoints,  Worst Slack        4.500ns,  Total Violation        0.000ns
---------------------------------------------------------------------------------------------------


Max Delay Paths
--------------------------------------------------------------------------------------
Slack (MET) :             5.417ns  (required time - arrival time)
  Source:                 ps2_word_reg[5]/C
                            (rising edge-triggered cell FDRE clocked by sys_clk_pin  {rise@0.000ns fall@5.000ns period=10.000ns})
  Destination:            led_state_reg[0]/R
                            (rising edge-triggered cell FDRE clocked by sys_clk_pin  {rise@0.000ns fall@5.000ns period=10.000ns})
  Path Group:             sys_clk_pin
  Path Type:              Setup (Max at Slow Process Corner)
  Requirement:            10.000ns  (sys_clk_pin rise@10.000ns - sys_clk_pin rise@0.000ns)
  Data Path Delay:        3.998ns  (logic 1.058ns (26.464%)  route 2.940ns (73.536%))
  Logic Levels:           3  (LUT3=1 LUT5=1 LUT6=1)
  Clock Path Skew:        -0.026ns (DCD - SCD + CPR)
    Destination Clock Delay (DCD):    5.022ns = ( 15.022 - 10.000 ) 
    Source Clock Delay      (SCD):    5.323ns
    Clock Pessimism Removal (CPR):    0.275ns
  Clock Uncertainty:      0.035ns  ((TSJ^2 + TIJ^2)^1/2 + DJ) / 2 + PE
    Total System Jitter     (TSJ):    0.071ns
    Total Input Jitter      (TIJ):    0.000ns
    Discrete Jitter          (DJ):    0.000ns
    Phase Error              (PE):    0.000ns

    Location             Delay type                Incr(ns)  Path(ns)    Netlist Resource(s)
  -------------------------------------------------------------------    -------------------
                         (clock sys_clk_pin rise edge)
                                                      0.000     0.000 r  
    E3                                                0.000     0.000 r  CLK (IN)
                         net (fo=0)                   0.000     0.000    CLK
    E3                   IBUF (Prop_ibuf_I_O)         1.482     1.482 r  CLK_IBUF_inst/O
                         net (fo=1, routed)           2.025     3.506    CLK_IBUF
    BUFGCTRL_X0Y16       BUFG (Prop_bufg_I_O)         0.096     3.602 r  CLK_IBUF_BUFG_inst/O
                         net (fo=65, routed)          1.720     5.323    CLK_IBUF_BUFG
    SLICE_X0Y85          FDRE                                         r  ps2_word_reg[5]/C
  -------------------------------------------------------------------    -------------------
    SLICE_X0Y85          FDRE (Prop_fdre_C_Q)         0.456     5.779 r  ps2_word_reg[5]/Q
                         net (fo=4, routed)           1.168     6.947    p_0_in[4]
    SLICE_X0Y85          LUT3 (Prop_lut3_I0_O)        0.152     7.099 r  led_state[0]_i_5/O
                         net (fo=2, routed)           0.448     7.546    led_state[0]_i_5_n_0
    SLICE_X0Y84          LUT6 (Prop_lut6_I0_O)        0.326     7.872 r  led_state[0]_i_3/O
                         net (fo=2, routed)           0.795     8.668    led_state[0]_i_3_n_0
    SLICE_X2Y84          LUT5 (Prop_lut5_I0_O)        0.124     8.792 r  led_state[0]_i_1/O
                         net (fo=1, routed)           0.529     9.321    led_state1_out
    SLICE_X2Y84          FDRE                                         r  led_state_reg[0]/R
  -------------------------------------------------------------------    -------------------

                         (clock sys_clk_pin rise edge)
                                                     10.000    10.000 r  
    E3                                                0.000    10.000 r  CLK (IN)
                         net (fo=0)                   0.000    10.000    CLK
    E3                   IBUF (Prop_ibuf_I_O)         1.411    11.411 r  CLK_IBUF_inst/O
                         net (fo=1, routed)           1.920    13.331    CLK_IBUF
    BUFGCTRL_X0Y16       BUFG (Prop_bufg_I_O)         0.091    13.422 r  CLK_IBUF_BUFG_inst/O
                         net (fo=65, routed)          1.599    15.022    CLK_IBUF_BUFG
    SLICE_X2Y84          FDRE                                         r  led_state_reg[0]/C
                         clock pessimism              0.275    15.297    
                         clock uncertainty           -0.035    15.261    
    SLICE_X2Y84          FDRE (Setup_fdre_C_R)       -0.524    14.737    led_state_reg[0]
  -------------------------------------------------------------------
                         required time                         14.737    
                         arrival time                          -9.321    
  -------------------------------------------------------------------
                         slack                                  5.417    

Slack (MET) :             5.870ns  (required time - arrival time)
  Source:                 ps2_word_reg[5]/C
                            (rising edge-triggered cell FDRE clocked by sys_clk_pin  {rise@0.000ns fall@5.000ns period=10.000ns})
  Destination:            led_state_reg[0]/CE
                            (rising edge-triggered cell FDRE clocked by sys_clk_pin  {rise@0.000ns fall@5.000ns period=10.000ns})
  Path Group:             sys_clk_pin
  Path Type:              Setup (Max at Slow Process Corner)
  Requirement:            10.000ns  (sys_clk_pin rise@10.000ns - sys_clk_pin rise@0.000ns)
  Data Path Delay:        3.684ns  (logic 1.080ns (29.315%)  route 2.604ns (70.685%))
  Logic Levels:           3  (LUT3=1 LUT4=1 LUT6=1)
  Clock Path Skew:        -0.026ns (DCD - SCD + CPR)
    Destination Clock Delay (DCD):    5.022ns = ( 15.022 - 10.000 ) 
    Source Clock Delay      (SCD):    5.323ns
    Clock Pessimism Removal (CPR):    0.275ns
  Clock Uncertainty:      0.035ns  ((TSJ^2 + TIJ^2)^1/2 + DJ) / 2 + PE
    Total System Jitter     (TSJ):    0.071ns
    Total Input Jitter      (TIJ):    0.000ns
    Discrete Jitter          (DJ):    0.000ns
    Phase Error              (PE):    0.000ns

    Location             Delay type                Incr(ns)  Path(ns)    Netlist Resource(s)
  -------------------------------------------------------------------    -------------------
                         (clock sys_clk_pin rise edge)
                                                      0.000     0.000 r  
    E3                                                0.000     0.000 r  CLK (IN)
                         net (fo=0)                   0.000     0.000    CLK
    E3                   IBUF (Prop_ibuf_I_O)         1.482     1.482 r  CLK_IBUF_inst/O
                         net (fo=1, routed)           2.025     3.506    CLK_IBUF
    BUFGCTRL_X0Y16       BUFG (Prop_bufg_I_O)         0.096     3.602 r  CLK_IBUF_BUFG_inst/O
                         net (fo=65, routed)          1.720     5.323    CLK_IBUF_BUFG
    SLICE_X0Y85          FDRE                                         r  ps2_word_reg[5]/C
  -------------------------------------------------------------------    -------------------
    SLICE_X0Y85          FDRE (Prop_fdre_C_Q)         0.456     5.779 r  ps2_word_reg[5]/Q
                         net (fo=4, routed)           1.168     6.947    p_0_in[4]
    SLICE_X0Y85          LUT3 (Prop_lut3_I0_O)        0.152     7.099 r  led_state[0]_i_5/O
                         net (fo=2, routed)           0.448     7.546    led_state[0]_i_5_n_0
    SLICE_X0Y84          LUT6 (Prop_lut6_I0_O)        0.326     7.872 r  led_state[0]_i_3/O
                         net (fo=2, routed)           0.795     8.668    led_state[0]_i_3_n_0
    SLICE_X2Y84          LUT4 (Prop_lut4_I3_O)        0.146     8.814 r  led_state[0]_i_2/O
                         net (fo=2, routed)           0.193     9.007    led_state12_out
    SLICE_X2Y84          FDRE                                         r  led_state_reg[0]/CE
  -------------------------------------------------------------------    -------------------

                         (clock sys_clk_pin rise edge)
                                                     10.000    10.000 r  
    E3                                                0.000    10.000 r  CLK (IN)
                         net (fo=0)                   0.000    10.000    CLK
    E3                   IBUF (Prop_ibuf_I_O)         1.411    11.411 r  CLK_IBUF_inst/O
                         net (fo=1, routed)           1.920    13.331    CLK_IBUF
    BUFGCTRL_X0Y16       BUFG (Prop_bufg_I_O)         0.091    13.422 r  CLK_IBUF_BUFG_inst/O
                         net (fo=65, routed)          1.599    15.022    CLK_IBUF_BUFG
    SLICE_X2Y84          FDRE                                         r  led_state_reg[0]/C
                         clock pessimism              0.275    15.297    
                         clock uncertainty           -0.035    15.261    
    SLICE_X2Y84          FDRE (Setup_fdre_C_CE)      -0.385    14.876    led_state_reg[0]
  -------------------------------------------------------------------
                         required time                         14.876    
                         arrival time                          -9.007    
  -------------------------------------------------------------------
                         slack                                  5.870    

Slack (MET) :             6.189ns  (required time - arrival time)
  Source:                 ps2_word_reg[9]/C
                            (rising edge-triggered cell FDRE clocked by sys_clk_pin  {rise@0.000ns fall@5.000ns period=10.000ns})
  Destination:            ps2_code_reg[1]/CE
                            (rising edge-triggered cell FDRE clocked by sys_clk_pin  {rise@0.000ns fall@5.000ns period=10.000ns})
  Path Group:             sys_clk_pin
  Path Type:              Setup (Max at Slow Process Corner)
  Requirement:            10.000ns  (sys_clk_pin rise@10.000ns - sys_clk_pin rise@0.000ns)
  Data Path Delay:        3.549ns  (logic 0.963ns (27.136%)  route 2.586ns (72.864%))
  Logic Levels:           3  (LUT4=1 LUT6=2)
  Clock Path Skew:        -0.022ns (DCD - SCD + CPR)
    Destination Clock Delay (DCD):    5.024ns = ( 15.024 - 10.000 ) 
    Source Clock Delay      (SCD):    5.321ns
    Clock Pessimism Removal (CPR):    0.275ns
  Clock Uncertainty:      0.035ns  ((TSJ^2 + TIJ^2)^1/2 + DJ) / 2 + PE
    Total System Jitter     (TSJ):    0.071ns
    Total Input Jitter      (TIJ):    0.000ns
    Discrete Jitter          (DJ):    0.000ns
    Phase Error              (PE):    0.000ns

    Location             Delay type                Incr(ns)  Path(ns)    Netlist Resource(s)
  -------------------------------------------------------------------    -------------------
                         (clock sys_clk_pin rise edge)
                                                      0.000     0.000 r  
    E3                                                0.000     0.000 r  CLK (IN)
                         net (fo=0)                   0.000     0.000    CLK
    E3                   IBUF (Prop_ibuf_I_O)         1.482     1.482 r  CLK_IBUF_inst/O
                         net (fo=1, routed)           2.025     3.506    CLK_IBUF
    BUFGCTRL_X0Y16       BUFG (Prop_bufg_I_O)         0.096     3.602 r  CLK_IBUF_BUFG_inst/O
                         net (fo=65, routed)          1.718     5.321    CLK_IBUF_BUFG
    SLICE_X0Y84          FDRE                                         r  ps2_word_reg[9]/C
  -------------------------------------------------------------------    -------------------
    SLICE_X0Y84          FDRE (Prop_fdre_C_Q)         0.419     5.740 r  ps2_word_reg[9]/Q
                         net (fo=2, routed)           0.610     6.349    ps2_word_reg_n_0_[9]
    SLICE_X0Y85          LUT4 (Prop_lut4_I1_O)        0.296     6.645 r  ps2_code_new_i_4/O
                         net (fo=1, routed)           0.670     7.316    ps2_code_new_i_4_n_0
    SLICE_X0Y85          LUT6 (Prop_lut6_I1_O)        0.124     7.440 r  ps2_code_new_i_2/O
                         net (fo=4, routed)           0.531     7.971    ps2_code_new_i_2_n_0
    SLICE_X0Y84          LUT6 (Prop_lut6_I0_O)        0.124     8.095 r  ps2_code_new_i_1/O
                         net (fo=9, routed)           0.774     8.870    ps2_code_new0
    SLICE_X0Y87          FDRE                                         r  ps2_code_reg[1]/CE
  -------------------------------------------------------------------    -------------------

                         (clock sys_clk_pin rise edge)
                                                     10.000    10.000 r  
    E3                                                0.000    10.000 r  CLK (IN)
                         net (fo=0)                   0.000    10.000    CLK
    E3                   IBUF (Prop_ibuf_I_O)         1.411    11.411 r  CLK_IBUF_inst/O
                         net (fo=1, routed)           1.920    13.331    CLK_IBUF
    BUFGCTRL_X0Y16       BUFG (Prop_bufg_I_O)         0.091    13.422 r  CLK_IBUF_BUFG_inst/O
                         net (fo=65, routed)          1.601    15.024    CLK_IBUF_BUFG
    SLICE_X0Y87          FDRE                                         r  ps2_code_reg[1]/C
                         clock pessimism              0.275    15.299    
                         clock uncertainty           -0.035    15.263    
    SLICE_X0Y87          FDRE (Setup_fdre_C_CE)      -0.205    15.058    ps2_code_reg[1]
  -------------------------------------------------------------------
                         required time                         15.058    
                         arrival time                          -8.870    
  -------------------------------------------------------------------
                         slack                                  6.189    

Slack (MET) :             6.236ns  (required time - arrival time)
  Source:                 ps2_word_reg[9]/C
                            (rising edge-triggered cell FDRE clocked by sys_clk_pin  {rise@0.000ns fall@5.000ns period=10.000ns})
  Destination:            ps2_code_new_reg/D
                            (rising edge-triggered cell FDRE clocked by sys_clk_pin  {rise@0.000ns fall@5.000ns period=10.000ns})
  Path Group:             sys_clk_pin
  Path Type:              Setup (Max at Slow Process Corner)
  Requirement:            10.000ns  (sys_clk_pin rise@10.000ns - sys_clk_pin rise@0.000ns)
  Data Path Delay:        3.633ns  (logic 0.963ns (26.504%)  route 2.670ns (73.496%))
  Logic Levels:           3  (LUT4=1 LUT6=2)
  Clock Path Skew:        -0.028ns (DCD - SCD + CPR)
    Destination Clock Delay (DCD):    5.018ns = ( 15.018 - 10.000 ) 
    Source Clock Delay      (SCD):    5.321ns
    Clock Pessimism Removal (CPR):    0.275ns
  Clock Uncertainty:      0.035ns  ((TSJ^2 + TIJ^2)^1/2 + DJ) / 2 + PE
    Total System Jitter     (TSJ):    0.071ns
    Total Input Jitter      (TIJ):    0.000ns
    Discrete Jitter          (DJ):    0.000ns
    Phase Error              (PE):    0.000ns

    Location             Delay type                Incr(ns)  Path(ns)    Netlist Resource(s)
  -------------------------------------------------------------------    -------------------
                         (clock sys_clk_pin rise edge)
                                                      0.000     0.000 r  
    E3                                                0.000     0.000 r  CLK (IN)
                         net (fo=0)                   0.000     0.000    CLK
    E3                   IBUF (Prop_ibuf_I_O)         1.482     1.482 r  CLK_IBUF_inst/O
                         net (fo=1, routed)           2.025     3.506    CLK_IBUF
    BUFGCTRL_X0Y16       BUFG (Prop_bufg_I_O)         0.096     3.602 r  CLK_IBUF_BUFG_inst/O
                         net (fo=65, routed)          1.718     5.321    CLK_IBUF_BUFG
    SLICE_X0Y84          FDRE                                         r  ps2_word_reg[9]/C
  -------------------------------------------------------------------    -------------------
    SLICE_X0Y84          FDRE (Prop_fdre_C_Q)         0.419     5.740 r  ps2_word_reg[9]/Q
                         net (fo=2, routed)           0.610     6.349    ps2_word_reg_n_0_[9]
    SLICE_X0Y85          LUT4 (Prop_lut4_I1_O)        0.296     6.645 r  ps2_code_new_i_4/O
                         net (fo=1, routed)           0.670     7.316    ps2_code_new_i_4_n_0
    SLICE_X0Y85          LUT6 (Prop_lut6_I1_O)        0.124     7.440 r  ps2_code_new_i_2/O
                         net (fo=4, routed)           0.531     7.971    ps2_code_new_i_2_n_0
    SLICE_X0Y84          LUT6 (Prop_lut6_I0_O)        0.124     8.095 r  ps2_code_new_i_1/O
                         net (fo=9, routed)           0.859     8.954    ps2_code_new0
    SLICE_X0Y81          FDRE                                         r  ps2_code_new_reg/D
  -------------------------------------------------------------------    -------------------

                         (clock sys_clk_pin rise edge)
                                                     10.000    10.000 r  
    E3                                                0.000    10.000 r  CLK (IN)
                         net (fo=0)                   0.000    10.000    CLK
    E3                   IBUF (Prop_ibuf_I_O)         1.411    11.411 r  CLK_IBUF_inst/O
                         net (fo=1, routed)           1.920    13.331    CLK_IBUF
    BUFGCTRL_X0Y16       BUFG (Prop_bufg_I_O)         0.091    13.422 r  CLK_IBUF_BUFG_inst/O
                         net (fo=65, routed)          1.595    15.018    CLK_IBUF_BUFG
    SLICE_X0Y81          FDRE                                         r  ps2_code_new_reg/C
                         clock pessimism              0.275    15.293    
                         clock uncertainty           -0.035    15.257    
    SLICE_X0Y81          FDRE (Setup_fdre_C_D)       -0.067    15.190    ps2_code_new_reg
  -------------------------------------------------------------------
                         required time                         15.190    
                         arrival time                          -8.954    
  -------------------------------------------------------------------
                         slack                                  6.236    

Slack (MET) :             6.329ns  (required time - arrival time)
  Source:                 ps2_word_reg[9]/C
                            (rising edge-triggered cell FDRE clocked by sys_clk_pin  {rise@0.000ns fall@5.000ns period=10.000ns})
  Destination:            ps2_code_reg[0]/CE
                            (rising edge-triggered cell FDRE clocked by sys_clk_pin  {rise@0.000ns fall@5.000ns period=10.000ns})
  Path Group:             sys_clk_pin
  Path Type:              Setup (Max at Slow Process Corner)
  Requirement:            10.000ns  (sys_clk_pin rise@10.000ns - sys_clk_pin rise@0.000ns)
  Data Path Delay:        3.408ns  (logic 0.963ns (28.258%)  route 2.445ns (71.742%))
  Logic Levels:           3  (LUT4=1 LUT6=2)
  Clock Path Skew:        -0.023ns (DCD - SCD + CPR)
    Destination Clock Delay (DCD):    5.023ns = ( 15.023 - 10.000 ) 
    Source Clock Delay      (SCD):    5.321ns
    Clock Pessimism Removal (CPR):    0.275ns
  Clock Uncertainty:      0.035ns  ((TSJ^2 + TIJ^2)^1/2 + DJ) / 2 + PE
    Total System Jitter     (TSJ):    0.071ns
    Total Input Jitter      (TIJ):    0.000ns
    Discrete Jitter          (DJ):    0.000ns
    Phase Error              (PE):    0.000ns

    Location             Delay type                Incr(ns)  Path(ns)    Netlist Resource(s)
  -------------------------------------------------------------------    -------------------
                         (clock sys_clk_pin rise edge)
                                                      0.000     0.000 r  
    E3                                                0.000     0.000 r  CLK (IN)
                         net (fo=0)                   0.000     0.000    CLK
    E3                   IBUF (Prop_ibuf_I_O)         1.482     1.482 r  CLK_IBUF_inst/O
                         net (fo=1, routed)           2.025     3.506    CLK_IBUF
    BUFGCTRL_X0Y16       BUFG (Prop_bufg_I_O)         0.096     3.602 r  CLK_IBUF_BUFG_inst/O
                         net (fo=65, routed)          1.718     5.321    CLK_IBUF_BUFG
    SLICE_X0Y84          FDRE                                         r  ps2_word_reg[9]/C
  -------------------------------------------------------------------    -------------------
    SLICE_X0Y84          FDRE (Prop_fdre_C_Q)         0.419     5.740 r  ps2_word_reg[9]/Q
                         net (fo=2, routed)           0.610     6.349    ps2_word_reg_n_0_[9]
    SLICE_X0Y85          LUT4 (Prop_lut4_I1_O)        0.296     6.645 r  ps2_code_new_i_4/O
                         net (fo=1, routed)           0.670     7.316    ps2_code_new_i_4_n_0
    SLICE_X0Y85          LUT6 (Prop_lut6_I1_O)        0.124     7.440 r  ps2_code_new_i_2/O
                         net (fo=4, routed)           0.531     7.971    ps2_code_new_i_2_n_0
    SLICE_X0Y84          LUT6 (Prop_lut6_I0_O)        0.124     8.095 r  ps2_code_new_i_1/O
                         net (fo=9, routed)           0.634     8.729    ps2_code_new0
    SLICE_X0Y86          FDRE                                         r  ps2_code_reg[0]/CE
  -------------------------------------------------------------------    -------------------

                         (clock sys_clk_pin rise edge)
                                                     10.000    10.000 r  
    E3                                                0.000    10.000 r  CLK (IN)
                         net (fo=0)                   0.000    10.000    CLK
    E3                   IBUF (Prop_ibuf_I_O)         1.411    11.411 r  CLK_IBUF_inst/O
                         net (fo=1, routed)           1.920    13.331    CLK_IBUF
    BUFGCTRL_X0Y16       BUFG (Prop_bufg_I_O)         0.091    13.422 r  CLK_IBUF_BUFG_inst/O
                         net (fo=65, routed)          1.600    15.023    CLK_IBUF_BUFG
    SLICE_X0Y86          FDRE                                         r  ps2_code_reg[0]/C
                         clock pessimism              0.275    15.298    
                         clock uncertainty           -0.035    15.262    
    SLICE_X0Y86          FDRE (Setup_fdre_C_CE)      -0.205    15.057    ps2_code_reg[0]
  -------------------------------------------------------------------
                         required time                         15.057    
                         arrival time                          -8.729    
  -------------------------------------------------------------------
                         slack                                  6.329    

Slack (MET) :             6.329ns  (required time - arrival time)
  Source:                 ps2_word_reg[9]/C
                            (rising edge-triggered cell FDRE clocked by sys_clk_pin  {rise@0.000ns fall@5.000ns period=10.000ns})
  Destination:            ps2_code_reg[3]/CE
                            (rising edge-triggered cell FDRE clocked by sys_clk_pin  {rise@0.000ns fall@5.000ns period=10.000ns})
  Path Group:             sys_clk_pin
  Path Type:              Setup (Max at Slow Process Corner)
  Requirement:            10.000ns  (sys_clk_pin rise@10.000ns - sys_clk_pin rise@0.000ns)
  Data Path Delay:        3.408ns  (logic 0.963ns (28.258%)  route 2.445ns (71.742%))
  Logic Levels:           3  (LUT4=1 LUT6=2)
  Clock Path Skew:        -0.023ns (DCD - SCD + CPR)
    Destination Clock Delay (DCD):    5.023ns = ( 15.023 - 10.000 ) 
    Source Clock Delay      (SCD):    5.321ns
    Clock Pessimism Removal (CPR):    0.275ns
  Clock Uncertainty:      0.035ns  ((TSJ^2 + TIJ^2)^1/2 + DJ) / 2 + PE
    Total System Jitter     (TSJ):    0.071ns
    Total Input Jitter      (TIJ):    0.000ns
    Discrete Jitter          (DJ):    0.000ns
    Phase Error              (PE):    0.000ns

    Location             Delay type                Incr(ns)  Path(ns)    Netlist Resource(s)
  -------------------------------------------------------------------    -------------------
                         (clock sys_clk_pin rise edge)
                                                      0.000     0.000 r  
    E3                                                0.000     0.000 r  CLK (IN)
                         net (fo=0)                   0.000     0.000    CLK
    E3                   IBUF (Prop_ibuf_I_O)         1.482     1.482 r  CLK_IBUF_inst/O
                         net (fo=1, routed)           2.025     3.506    CLK_IBUF
    BUFGCTRL_X0Y16       BUFG (Prop_bufg_I_O)         0.096     3.602 r  CLK_IBUF_BUFG_inst/O
                         net (fo=65, routed)          1.718     5.321    CLK_IBUF_BUFG
    SLICE_X0Y84          FDRE                                         r  ps2_word_reg[9]/C
  -------------------------------------------------------------------    -------------------
    SLICE_X0Y84          FDRE (Prop_fdre_C_Q)         0.419     5.740 r  ps2_word_reg[9]/Q
                         net (fo=2, routed)           0.610     6.349    ps2_word_reg_n_0_[9]
    SLICE_X0Y85          LUT4 (Prop_lut4_I1_O)        0.296     6.645 r  ps2_code_new_i_4/O
                         net (fo=1, routed)           0.670     7.316    ps2_code_new_i_4_n_0
    SLICE_X0Y85          LUT6 (Prop_lut6_I1_O)        0.124     7.440 r  ps2_code_new_i_2/O
                         net (fo=4, routed)           0.531     7.971    ps2_code_new_i_2_n_0
    SLICE_X0Y84          LUT6 (Prop_lut6_I0_O)        0.124     8.095 r  ps2_code_new_i_1/O
                         net (fo=9, routed)           0.634     8.729    ps2_code_new0
    SLICE_X0Y86          FDRE                                         r  ps2_code_reg[3]/CE
  -------------------------------------------------------------------    -------------------

                         (clock sys_clk_pin rise edge)
                                                     10.000    10.000 r  
    E3                                                0.000    10.000 r  CLK (IN)
                         net (fo=0)                   0.000    10.000    CLK
    E3                   IBUF (Prop_ibuf_I_O)         1.411    11.411 r  CLK_IBUF_inst/O
                         net (fo=1, routed)           1.920    13.331    CLK_IBUF
    BUFGCTRL_X0Y16       BUFG (Prop_bufg_I_O)         0.091    13.422 r  CLK_IBUF_BUFG_inst/O
                         net (fo=65, routed)          1.600    15.023    CLK_IBUF_BUFG
    SLICE_X0Y86          FDRE                                         r  ps2_code_reg[3]/C
                         clock pessimism              0.275    15.298    
                         clock uncertainty           -0.035    15.262    
    SLICE_X0Y86          FDRE (Setup_fdre_C_CE)      -0.205    15.057    ps2_code_reg[3]
  -------------------------------------------------------------------
                         required time                         15.057    
                         arrival time                          -8.729    
  -------------------------------------------------------------------
                         slack                                  6.329    

Slack (MET) :             6.354ns  (required time - arrival time)
  Source:                 ps2_word_reg[9]/C
                            (rising edge-triggered cell FDRE clocked by sys_clk_pin  {rise@0.000ns fall@5.000ns period=10.000ns})
  Destination:            ps2_code_reg[2]/CE
                            (rising edge-triggered cell FDRE clocked by sys_clk_pin  {rise@0.000ns fall@5.000ns period=10.000ns})
  Path Group:             sys_clk_pin
  Path Type:              Setup (Max at Slow Process Corner)
  Requirement:            10.000ns  (sys_clk_pin rise@10.000ns - sys_clk_pin rise@0.000ns)
  Data Path Delay:        3.381ns  (logic 0.963ns (28.485%)  route 2.418ns (71.515%))
  Logic Levels:           3  (LUT4=1 LUT6=2)
  Clock Path Skew:        -0.025ns (DCD - SCD + CPR)
    Destination Clock Delay (DCD):    5.021ns = ( 15.021 - 10.000 ) 
    Source Clock Delay      (SCD):    5.321ns
    Clock Pessimism Removal (CPR):    0.275ns
  Clock Uncertainty:      0.035ns  ((TSJ^2 + TIJ^2)^1/2 + DJ) / 2 + PE
    Total System Jitter     (TSJ):    0.071ns
    Total Input Jitter      (TIJ):    0.000ns
    Discrete Jitter          (DJ):    0.000ns
    Phase Error              (PE):    0.000ns

    Location             Delay type                Incr(ns)  Path(ns)    Netlist Resource(s)
  -------------------------------------------------------------------    -------------------
                         (clock sys_clk_pin rise edge)
                                                      0.000     0.000 r  
    E3                                                0.000     0.000 r  CLK (IN)
                         net (fo=0)                   0.000     0.000    CLK
    E3                   IBUF (Prop_ibuf_I_O)         1.482     1.482 r  CLK_IBUF_inst/O
                         net (fo=1, routed)           2.025     3.506    CLK_IBUF
    BUFGCTRL_X0Y16       BUFG (Prop_bufg_I_O)         0.096     3.602 r  CLK_IBUF_BUFG_inst/O
                         net (fo=65, routed)          1.718     5.321    CLK_IBUF_BUFG
    SLICE_X0Y84          FDRE                                         r  ps2_word_reg[9]/C
  -------------------------------------------------------------------    -------------------
    SLICE_X0Y84          FDRE (Prop_fdre_C_Q)         0.419     5.740 r  ps2_word_reg[9]/Q
                         net (fo=2, routed)           0.610     6.349    ps2_word_reg_n_0_[9]
    SLICE_X0Y85          LUT4 (Prop_lut4_I1_O)        0.296     6.645 r  ps2_code_new_i_4/O
                         net (fo=1, routed)           0.670     7.316    ps2_code_new_i_4_n_0
    SLICE_X0Y85          LUT6 (Prop_lut6_I1_O)        0.124     7.440 r  ps2_code_new_i_2/O
                         net (fo=4, routed)           0.531     7.971    ps2_code_new_i_2_n_0
    SLICE_X0Y84          LUT6 (Prop_lut6_I0_O)        0.124     8.095 r  ps2_code_new_i_1/O
                         net (fo=9, routed)           0.606     8.701    ps2_code_new0
    SLICE_X0Y83          FDRE                                         r  ps2_code_reg[2]/CE
  -------------------------------------------------------------------    -------------------

                         (clock sys_clk_pin rise edge)
                                                     10.000    10.000 r  
    E3                                                0.000    10.000 r  CLK (IN)
                         net (fo=0)                   0.000    10.000    CLK
    E3                   IBUF (Prop_ibuf_I_O)         1.411    11.411 r  CLK_IBUF_inst/O
                         net (fo=1, routed)           1.920    13.331    CLK_IBUF
    BUFGCTRL_X0Y16       BUFG (Prop_bufg_I_O)         0.091    13.422 r  CLK_IBUF_BUFG_inst/O
                         net (fo=65, routed)          1.598    15.021    CLK_IBUF_BUFG
    SLICE_X0Y83          FDRE                                         r  ps2_code_reg[2]/C
                         clock pessimism              0.275    15.296    
                         clock uncertainty           -0.035    15.260    
    SLICE_X0Y83          FDRE (Setup_fdre_C_CE)      -0.205    15.055    ps2_code_reg[2]
  -------------------------------------------------------------------
                         required time                         15.055    
                         arrival time                          -8.701    
  -------------------------------------------------------------------
                         slack                                  6.354    

Slack (MET) :             6.380ns  (required time - arrival time)
  Source:                 debounce_ps2_clk/result_reg/C
                            (rising edge-triggered cell FDRE clocked by sys_clk_pin  {rise@0.000ns fall@5.000ns period=10.000ns})
  Destination:            count_idle_reg[4]/R
                            (rising edge-triggered cell FDRE clocked by sys_clk_pin  {rise@0.000ns fall@5.000ns period=10.000ns})
  Path Group:             sys_clk_pin
  Path Type:              Setup (Max at Slow Process Corner)
  Requirement:            10.000ns  (sys_clk_pin rise@10.000ns - sys_clk_pin rise@0.000ns)
  Data Path Delay:        2.904ns  (logic 0.801ns (27.581%)  route 2.103ns (72.419%))
  Logic Levels:           1  (LUT1=1)
  Clock Path Skew:        -0.027ns (DCD - SCD + CPR)
    Destination Clock Delay (DCD):    5.021ns = ( 15.021 - 10.000 ) 
    Source Clock Delay      (SCD):    5.323ns
    Clock Pessimism Removal (CPR):    0.275ns
  Clock Uncertainty:      0.035ns  ((TSJ^2 + TIJ^2)^1/2 + DJ) / 2 + PE
    Total System Jitter     (TSJ):    0.071ns
    Total Input Jitter      (TIJ):    0.000ns
    Discrete Jitter          (DJ):    0.000ns
    Phase Error              (PE):    0.000ns

    Location             Delay type                Incr(ns)  Path(ns)    Netlist Resource(s)
  -------------------------------------------------------------------    -------------------
                         (clock sys_clk_pin rise edge)
                                                      0.000     0.000 r  
    E3                                                0.000     0.000 r  CLK (IN)
                         net (fo=0)                   0.000     0.000    CLK
    E3                   IBUF (Prop_ibuf_I_O)         1.482     1.482 r  CLK_IBUF_inst/O
                         net (fo=1, routed)           2.025     3.506    CLK_IBUF
    BUFGCTRL_X0Y16       BUFG (Prop_bufg_I_O)         0.096     3.602 r  CLK_IBUF_BUFG_inst/O
                         net (fo=65, routed)          1.720     5.323    debounce_ps2_clk/CLK_IBUF_BUFG
    SLICE_X2Y85          FDRE                                         r  debounce_ps2_clk/result_reg/C
  -------------------------------------------------------------------    -------------------
    SLICE_X2Y85          FDRE (Prop_fdre_C_Q)         0.478     5.801 f  debounce_ps2_clk/result_reg/Q
                         net (fo=4, routed)           0.857     6.657    debounce_ps2_clk/ps2_clk_int
    SLICE_X2Y85          LUT1 (Prop_lut1_I0_O)        0.323     6.980 r  debounce_ps2_clk/count_idle[0]_i_1/O
                         net (fo=13, routed)          1.246     8.227    clear
    SLICE_X1Y83          FDRE                                         r  count_idle_reg[4]/R
  -------------------------------------------------------------------    -------------------

                         (clock sys_clk_pin rise edge)
                                                     10.000    10.000 r  
    E3                                                0.000    10.000 r  CLK (IN)
                         net (fo=0)                   0.000    10.000    CLK
    E3                   IBUF (Prop_ibuf_I_O)         1.411    11.411 r  CLK_IBUF_inst/O
                         net (fo=1, routed)           1.920    13.331    CLK_IBUF
    BUFGCTRL_X0Y16       BUFG (Prop_bufg_I_O)         0.091    13.422 r  CLK_IBUF_BUFG_inst/O
                         net (fo=65, routed)          1.598    15.021    CLK_IBUF_BUFG
    SLICE_X1Y83          FDRE                                         r  count_idle_reg[4]/C
                         clock pessimism              0.275    15.296    
                         clock uncertainty           -0.035    15.260    
    SLICE_X1Y83          FDRE (Setup_fdre_C_R)       -0.653    14.607    count_idle_reg[4]
  -------------------------------------------------------------------
                         required time                         14.607    
                         arrival time                          -8.227    
  -------------------------------------------------------------------
                         slack                                  6.380    

Slack (MET) :             6.380ns  (required time - arrival time)
  Source:                 debounce_ps2_clk/result_reg/C
                            (rising edge-triggered cell FDRE clocked by sys_clk_pin  {rise@0.000ns fall@5.000ns period=10.000ns})
  Destination:            count_idle_reg[5]/R
                            (rising edge-triggered cell FDRE clocked by sys_clk_pin  {rise@0.000ns fall@5.000ns period=10.000ns})
  Path Group:             sys_clk_pin
  Path Type:              Setup (Max at Slow Process Corner)
  Requirement:            10.000ns  (sys_clk_pin rise@10.000ns - sys_clk_pin rise@0.000ns)
  Data Path Delay:        2.904ns  (logic 0.801ns (27.581%)  route 2.103ns (72.419%))
  Logic Levels:           1  (LUT1=1)
  Clock Path Skew:        -0.027ns (DCD - SCD + CPR)
    Destination Clock Delay (DCD):    5.021ns = ( 15.021 - 10.000 ) 
    Source Clock Delay      (SCD):    5.323ns
    Clock Pessimism Removal (CPR):    0.275ns
  Clock Uncertainty:      0.035ns  ((TSJ^2 + TIJ^2)^1/2 + DJ) / 2 + PE
    Total System Jitter     (TSJ):    0.071ns
    Total Input Jitter      (TIJ):    0.000ns
    Discrete Jitter          (DJ):    0.000ns
    Phase Error              (PE):    0.000ns

    Location             Delay type                Incr(ns)  Path(ns)    Netlist Resource(s)
  -------------------------------------------------------------------    -------------------
                         (clock sys_clk_pin rise edge)
                                                      0.000     0.000 r  
    E3                                                0.000     0.000 r  CLK (IN)
                         net (fo=0)                   0.000     0.000    CLK
    E3                   IBUF (Prop_ibuf_I_O)         1.482     1.482 r  CLK_IBUF_inst/O
                         net (fo=1, routed)           2.025     3.506    CLK_IBUF
    BUFGCTRL_X0Y16       BUFG (Prop_bufg_I_O)         0.096     3.602 r  CLK_IBUF_BUFG_inst/O
                         net (fo=65, routed)          1.720     5.323    debounce_ps2_clk/CLK_IBUF_BUFG
    SLICE_X2Y85          FDRE                                         r  debounce_ps2_clk/result_reg/C
  -------------------------------------------------------------------    -------------------
    SLICE_X2Y85          FDRE (Prop_fdre_C_Q)         0.478     5.801 f  debounce_ps2_clk/result_reg/Q
                         net (fo=4, routed)           0.857     6.657    debounce_ps2_clk/ps2_clk_int
    SLICE_X2Y85          LUT1 (Prop_lut1_I0_O)        0.323     6.980 r  debounce_ps2_clk/count_idle[0]_i_1/O
                         net (fo=13, routed)          1.246     8.227    clear
    SLICE_X1Y83          FDRE                                         r  count_idle_reg[5]/R
  -------------------------------------------------------------------    -------------------

                         (clock sys_clk_pin rise edge)
                                                     10.000    10.000 r  
    E3                                                0.000    10.000 r  CLK (IN)
                         net (fo=0)                   0.000    10.000    CLK
    E3                   IBUF (Prop_ibuf_I_O)         1.411    11.411 r  CLK_IBUF_inst/O
                         net (fo=1, routed)           1.920    13.331    CLK_IBUF
    BUFGCTRL_X0Y16       BUFG (Prop_bufg_I_O)         0.091    13.422 r  CLK_IBUF_BUFG_inst/O
                         net (fo=65, routed)          1.598    15.021    CLK_IBUF_BUFG
    SLICE_X1Y83          FDRE                                         r  count_idle_reg[5]/C
                         clock pessimism              0.275    15.296    
                         clock uncertainty           -0.035    15.260    
    SLICE_X1Y83          FDRE (Setup_fdre_C_R)       -0.653    14.607    count_idle_reg[5]
  -------------------------------------------------------------------
                         required time                         14.607    
                         arrival time                          -8.227    
  -------------------------------------------------------------------
                         slack                                  6.380    

Slack (MET) :             6.380ns  (required time - arrival time)
  Source:                 debounce_ps2_clk/result_reg/C
                            (rising edge-triggered cell FDRE clocked by sys_clk_pin  {rise@0.000ns fall@5.000ns period=10.000ns})
  Destination:            count_idle_reg[6]/R
                            (rising edge-triggered cell FDRE clocked by sys_clk_pin  {rise@0.000ns fall@5.000ns period=10.000ns})
  Path Group:             sys_clk_pin
  Path Type:              Setup (Max at Slow Process Corner)
  Requirement:            10.000ns  (sys_clk_pin rise@10.000ns - sys_clk_pin rise@0.000ns)
  Data Path Delay:        2.904ns  (logic 0.801ns (27.581%)  route 2.103ns (72.419%))
  Logic Levels:           1  (LUT1=1)
  Clock Path Skew:        -0.027ns (DCD - SCD + CPR)
    Destination Clock Delay (DCD):    5.021ns = ( 15.021 - 10.000 ) 
    Source Clock Delay      (SCD):    5.323ns
    Clock Pessimism Removal (CPR):    0.275ns
  Clock Uncertainty:      0.035ns  ((TSJ^2 + TIJ^2)^1/2 + DJ) / 2 + PE
    Total System Jitter     (TSJ):    0.071ns
    Total Input Jitter      (TIJ):    0.000ns
    Discrete Jitter          (DJ):    0.000ns
    Phase Error              (PE):    0.000ns

    Location             Delay type                Incr(ns)  Path(ns)    Netlist Resource(s)
  -------------------------------------------------------------------    -------------------
                         (clock sys_clk_pin rise edge)
                                                      0.000     0.000 r  
    E3                                                0.000     0.000 r  CLK (IN)
                         net (fo=0)                   0.000     0.000    CLK
    E3                   IBUF (Prop_ibuf_I_O)         1.482     1.482 r  CLK_IBUF_inst/O
                         net (fo=1, routed)           2.025     3.506    CLK_IBUF
    BUFGCTRL_X0Y16       BUFG (Prop_bufg_I_O)         0.096     3.602 r  CLK_IBUF_BUFG_inst/O
                         net (fo=65, routed)          1.720     5.323    debounce_ps2_clk/CLK_IBUF_BUFG
    SLICE_X2Y85          FDRE                                         r  debounce_ps2_clk/result_reg/C
  -------------------------------------------------------------------    -------------------
    SLICE_X2Y85          FDRE (Prop_fdre_C_Q)         0.478     5.801 f  debounce_ps2_clk/result_reg/Q
                         net (fo=4, routed)           0.857     6.657    debounce_ps2_clk/ps2_clk_int
    SLICE_X2Y85          LUT1 (Prop_lut1_I0_O)        0.323     6.980 r  debounce_ps2_clk/count_idle[0]_i_1/O
                         net (fo=13, routed)          1.246     8.227    clear
    SLICE_X1Y83          FDRE                                         r  count_idle_reg[6]/R
  -------------------------------------------------------------------    -------------------

                         (clock sys_clk_pin rise edge)
                                                     10.000    10.000 r  
    E3                                                0.000    10.000 r  CLK (IN)
                         net (fo=0)                   0.000    10.000    CLK
    E3                   IBUF (Prop_ibuf_I_O)         1.411    11.411 r  CLK_IBUF_inst/O
                         net (fo=1, routed)           1.920    13.331    CLK_IBUF
    BUFGCTRL_X0Y16       BUFG (Prop_bufg_I_O)         0.091    13.422 r  CLK_IBUF_BUFG_inst/O
                         net (fo=65, routed)          1.598    15.021    CLK_IBUF_BUFG
    SLICE_X1Y83          FDRE                                         r  count_idle_reg[6]/C
                         clock pessimism              0.275    15.296    
                         clock uncertainty           -0.035    15.260    
    SLICE_X1Y83          FDRE (Setup_fdre_C_R)       -0.653    14.607    count_idle_reg[6]
  -------------------------------------------------------------------
                         required time                         14.607    
                         arrival time                          -8.227    
  -------------------------------------------------------------------
                         slack                                  6.380    





Min Delay Paths
--------------------------------------------------------------------------------------
Slack (MET) :             0.166ns  (arrival time - required time)
  Source:                 ps2_word_reg[10]/C
                            (rising edge-triggered cell FDRE clocked by sys_clk_pin  {rise@0.000ns fall@5.000ns period=10.000ns})
  Destination:            ps2_word_reg[9]/D
                            (rising edge-triggered cell FDRE clocked by sys_clk_pin  {rise@0.000ns fall@5.000ns period=10.000ns})
  Path Group:             sys_clk_pin
  Path Type:              Hold (Min at Fast Process Corner)
  Requirement:            0.000ns  (sys_clk_pin rise@0.000ns - sys_clk_pin rise@0.000ns)
  Data Path Delay:        0.251ns  (logic 0.141ns (56.166%)  route 0.110ns (43.834%))
  Logic Levels:           0  
  Clock Path Skew:        0.014ns (DCD - SCD - CPR)
    Destination Clock Delay (DCD):    2.036ns
    Source Clock Delay      (SCD):    1.519ns
    Clock Pessimism Removal (CPR):    0.502ns

    Location             Delay type                Incr(ns)  Path(ns)    Netlist Resource(s)
  -------------------------------------------------------------------    -------------------
                         (clock sys_clk_pin rise edge)
                                                      0.000     0.000 r  
    E3                                                0.000     0.000 r  CLK (IN)
                         net (fo=0)                   0.000     0.000    CLK
    E3                   IBUF (Prop_ibuf_I_O)         0.250     0.250 r  CLK_IBUF_inst/O
                         net (fo=1, routed)           0.644     0.894    CLK_IBUF
    BUFGCTRL_X0Y16       BUFG (Prop_bufg_I_O)         0.026     0.920 r  CLK_IBUF_BUFG_inst/O
                         net (fo=65, routed)          0.600     1.519    CLK_IBUF_BUFG
    SLICE_X3Y84          FDRE                                         r  ps2_word_reg[10]/C
  -------------------------------------------------------------------    -------------------
    SLICE_X3Y84          FDRE (Prop_fdre_C_Q)         0.141     1.660 r  ps2_word_reg[10]/Q
                         net (fo=3, routed)           0.110     1.770    ps2_word_reg_n_0_[10]
    SLICE_X0Y84          FDRE                                         r  ps2_word_reg[9]/D
  -------------------------------------------------------------------    -------------------

                         (clock sys_clk_pin rise edge)
                                                      0.000     0.000 r  
    E3                                                0.000     0.000 r  CLK (IN)
                         net (fo=0)                   0.000     0.000    CLK
    E3                   IBUF (Prop_ibuf_I_O)         0.438     0.438 r  CLK_IBUF_inst/O
                         net (fo=1, routed)           0.699     1.136    CLK_IBUF
    BUFGCTRL_X0Y16       BUFG (Prop_bufg_I_O)         0.029     1.165 r  CLK_IBUF_BUFG_inst/O
                         net (fo=65, routed)          0.871     2.036    CLK_IBUF_BUFG
    SLICE_X0Y84          FDRE                                         r  ps2_word_reg[9]/C
                         clock pessimism             -0.502     1.533    
    SLICE_X0Y84          FDRE (Hold_fdre_C_D)         0.071     1.604    ps2_word_reg[9]
  -------------------------------------------------------------------
                         required time                         -1.604    
                         arrival time                           1.770    
  -------------------------------------------------------------------
                         slack                                  0.166    

Slack (MET) :             0.190ns  (arrival time - required time)
  Source:                 ps2_word_reg[8]/C
                            (rising edge-triggered cell FDRE clocked by sys_clk_pin  {rise@0.000ns fall@5.000ns period=10.000ns})
  Destination:            ps2_code_reg[7]/D
                            (rising edge-triggered cell FDRE clocked by sys_clk_pin  {rise@0.000ns fall@5.000ns period=10.000ns})
  Path Group:             sys_clk_pin
  Path Type:              Hold (Min at Fast Process Corner)
  Requirement:            0.000ns  (sys_clk_pin rise@0.000ns - sys_clk_pin rise@0.000ns)
  Data Path Delay:        0.274ns  (logic 0.141ns (51.420%)  route 0.133ns (48.580%))
  Logic Levels:           0  
  Clock Path Skew:        0.012ns (DCD - SCD - CPR)
    Destination Clock Delay (DCD):    2.034ns
    Source Clock Delay      (SCD):    1.519ns
    Clock Pessimism Removal (CPR):    0.502ns

    Location             Delay type                Incr(ns)  Path(ns)    Netlist Resource(s)
  -------------------------------------------------------------------    -------------------
                         (clock sys_clk_pin rise edge)
                                                      0.000     0.000 r  
    E3                                                0.000     0.000 r  CLK (IN)
                         net (fo=0)                   0.000     0.000    CLK
    E3                   IBUF (Prop_ibuf_I_O)         0.250     0.250 r  CLK_IBUF_inst/O
                         net (fo=1, routed)           0.644     0.894    CLK_IBUF
    BUFGCTRL_X0Y16       BUFG (Prop_bufg_I_O)         0.026     0.920 r  CLK_IBUF_BUFG_inst/O
                         net (fo=65, routed)          0.600     1.519    CLK_IBUF_BUFG
    SLICE_X0Y84          FDRE                                         r  ps2_word_reg[8]/C
  -------------------------------------------------------------------    -------------------
    SLICE_X0Y84          FDRE (Prop_fdre_C_Q)         0.141     1.660 r  ps2_word_reg[8]/Q
                         net (fo=5, routed)           0.133     1.794    p_0_in[7]
    SLICE_X0Y82          FDRE                                         r  ps2_code_reg[7]/D
  -------------------------------------------------------------------    -------------------

                         (clock sys_clk_pin rise edge)
                                                      0.000     0.000 r  
    E3                                                0.000     0.000 r  CLK (IN)
                         net (fo=0)                   0.000     0.000    CLK
    E3                   IBUF (Prop_ibuf_I_O)         0.438     0.438 r  CLK_IBUF_inst/O
                         net (fo=1, routed)           0.699     1.136    CLK_IBUF
    BUFGCTRL_X0Y16       BUFG (Prop_bufg_I_O)         0.029     1.165 r  CLK_IBUF_BUFG_inst/O
                         net (fo=65, routed)          0.869     2.034    CLK_IBUF_BUFG
    SLICE_X0Y82          FDRE                                         r  ps2_code_reg[7]/C
                         clock pessimism             -0.502     1.531    
    SLICE_X0Y82          FDRE (Hold_fdre_C_D)         0.072     1.603    ps2_code_reg[7]
  -------------------------------------------------------------------
                         required time                         -1.603    
                         arrival time                           1.794    
  -------------------------------------------------------------------
                         slack                                  0.190    

Slack (MET) :             0.199ns  (arrival time - required time)
  Source:                 debounce_ps2_clk/counter_out_reg[5]/C
                            (rising edge-triggered cell FDRE clocked by sys_clk_pin  {rise@0.000ns fall@5.000ns period=10.000ns})
  Destination:            debounce_ps2_clk/counter_out_reg[9]_inv/D
                            (rising edge-triggered cell FDSE clocked by sys_clk_pin  {rise@0.000ns fall@5.000ns period=10.000ns})
  Path Group:             sys_clk_pin
  Path Type:              Hold (Min at Fast Process Corner)
  Requirement:            0.000ns  (sys_clk_pin rise@0.000ns - sys_clk_pin rise@0.000ns)
  Data Path Delay:        0.304ns  (logic 0.186ns (61.135%)  route 0.118ns (38.865%))
  Logic Levels:           1  (LUT5=1)
  Clock Path Skew:        0.013ns (DCD - SCD - CPR)
    Destination Clock Delay (DCD):    2.034ns
    Source Clock Delay      (SCD):    1.518ns
    Clock Pessimism Removal (CPR):    0.502ns

    Location             Delay type                Incr(ns)  Path(ns)    Netlist Resource(s)
  -------------------------------------------------------------------    -------------------
                         (clock sys_clk_pin rise edge)
                                                      0.000     0.000 r  
    E3                                                0.000     0.000 r  CLK (IN)
                         net (fo=0)                   0.000     0.000    CLK
    E3                   IBUF (Prop_ibuf_I_O)         0.250     0.250 r  CLK_IBUF_inst/O
                         net (fo=1, routed)           0.644     0.894    CLK_IBUF
    BUFGCTRL_X0Y16       BUFG (Prop_bufg_I_O)         0.026     0.920 r  CLK_IBUF_BUFG_inst/O
                         net (fo=65, routed)          0.599     1.518    debounce_ps2_clk/CLK_IBUF_BUFG
    SLICE_X4Y85          FDRE                                         r  debounce_ps2_clk/counter_out_reg[5]/C
  -------------------------------------------------------------------    -------------------
    SLICE_X4Y85          FDRE (Prop_fdre_C_Q)         0.141     1.659 f  debounce_ps2_clk/counter_out_reg[5]/Q
                         net (fo=5, routed)           0.118     1.778    debounce_ps2_clk/counter_out_reg_n_0_[5]
    SLICE_X5Y85          LUT5 (Prop_lut5_I1_O)        0.045     1.823 r  debounce_ps2_clk/counter_out[9]_inv_i_1/O
                         net (fo=1, routed)           0.000     1.823    debounce_ps2_clk/plusOp[9]
    SLICE_X5Y85          FDSE                                         r  debounce_ps2_clk/counter_out_reg[9]_inv/D
  -------------------------------------------------------------------    -------------------

                         (clock sys_clk_pin rise edge)
                                                      0.000     0.000 r  
    E3                                                0.000     0.000 r  CLK (IN)
                         net (fo=0)                   0.000     0.000    CLK
    E3                   IBUF (Prop_ibuf_I_O)         0.438     0.438 r  CLK_IBUF_inst/O
                         net (fo=1, routed)           0.699     1.136    CLK_IBUF
    BUFGCTRL_X0Y16       BUFG (Prop_bufg_I_O)         0.029     1.165 r  CLK_IBUF_BUFG_inst/O
                         net (fo=65, routed)          0.869     2.034    debounce_ps2_clk/CLK_IBUF_BUFG
    SLICE_X5Y85          FDSE                                         r  debounce_ps2_clk/counter_out_reg[9]_inv/C
                         clock pessimism             -0.502     1.531    
    SLICE_X5Y85          FDSE (Hold_fdse_C_D)         0.092     1.623    debounce_ps2_clk/counter_out_reg[9]_inv
  -------------------------------------------------------------------
                         required time                         -1.623    
                         arrival time                           1.823    
  -------------------------------------------------------------------
                         slack                                  0.199    

Slack (MET) :             0.199ns  (arrival time - required time)
  Source:                 debounce_ps2_data/counter_out_reg[5]/C
                            (rising edge-triggered cell FDRE clocked by sys_clk_pin  {rise@0.000ns fall@5.000ns period=10.000ns})
  Destination:            debounce_ps2_data/counter_out_reg[9]_inv/D
                            (rising edge-triggered cell FDSE clocked by sys_clk_pin  {rise@0.000ns fall@5.000ns period=10.000ns})
  Path Group:             sys_clk_pin
  Path Type:              Hold (Min at Fast Process Corner)
  Requirement:            0.000ns  (sys_clk_pin rise@0.000ns - sys_clk_pin rise@0.000ns)
  Data Path Delay:        0.304ns  (logic 0.186ns (61.135%)  route 0.118ns (38.865%))
  Logic Levels:           1  (LUT5=1)
  Clock Path Skew:        0.013ns (DCD - SCD - CPR)
    Destination Clock Delay (DCD):    2.033ns
    Source Clock Delay      (SCD):    1.518ns
    Clock Pessimism Removal (CPR):    0.501ns

    Location             Delay type                Incr(ns)  Path(ns)    Netlist Resource(s)
  -------------------------------------------------------------------    -------------------
                         (clock sys_clk_pin rise edge)
                                                      0.000     0.000 r  
    E3                                                0.000     0.000 r  CLK (IN)
                         net (fo=0)                   0.000     0.000    CLK
    E3                   IBUF (Prop_ibuf_I_O)         0.250     0.250 r  CLK_IBUF_inst/O
                         net (fo=1, routed)           0.644     0.894    CLK_IBUF
    BUFGCTRL_X0Y16       BUFG (Prop_bufg_I_O)         0.026     0.920 r  CLK_IBUF_BUFG_inst/O
                         net (fo=65, routed)          0.599     1.518    debounce_ps2_data/CLK_IBUF_BUFG
    SLICE_X4Y84          FDRE                                         r  debounce_ps2_data/counter_out_reg[5]/C
  -------------------------------------------------------------------    -------------------
    SLICE_X4Y84          FDRE (Prop_fdre_C_Q)         0.141     1.659 f  debounce_ps2_data/counter_out_reg[5]/Q
                         net (fo=5, routed)           0.118     1.778    debounce_ps2_data/counter_out_reg_n_0_[5]
    SLICE_X5Y84          LUT5 (Prop_lut5_I1_O)        0.045     1.823 r  debounce_ps2_data/counter_out[9]_inv_i_1__0/O
                         net (fo=1, routed)           0.000     1.823    debounce_ps2_data/plusOp__0[9]
    SLICE_X5Y84          FDSE                                         r  debounce_ps2_data/counter_out_reg[9]_inv/D
  -------------------------------------------------------------------    -------------------

                         (clock sys_clk_pin rise edge)
                                                      0.000     0.000 r  
    E3                                                0.000     0.000 r  CLK (IN)
                         net (fo=0)                   0.000     0.000    CLK
    E3                   IBUF (Prop_ibuf_I_O)         0.438     0.438 r  CLK_IBUF_inst/O
                         net (fo=1, routed)           0.699     1.136    CLK_IBUF
    BUFGCTRL_X0Y16       BUFG (Prop_bufg_I_O)         0.029     1.165 r  CLK_IBUF_BUFG_inst/O
                         net (fo=65, routed)          0.868     2.033    debounce_ps2_data/CLK_IBUF_BUFG
    SLICE_X5Y84          FDSE                                         r  debounce_ps2_data/counter_out_reg[9]_inv/C
                         clock pessimism             -0.501     1.531    
    SLICE_X5Y84          FDSE (Hold_fdse_C_D)         0.092     1.623    debounce_ps2_data/counter_out_reg[9]_inv
  -------------------------------------------------------------------
                         required time                         -1.623    
                         arrival time                           1.823    
  -------------------------------------------------------------------
                         slack                                  0.199    

Slack (MET) :             0.200ns  (arrival time - required time)
  Source:                 debounce_ps2_data/flipflops_reg[1]/C
                            (rising edge-triggered cell FDRE clocked by sys_clk_pin  {rise@0.000ns fall@5.000ns period=10.000ns})
  Destination:            debounce_ps2_data/result_reg/D
                            (rising edge-triggered cell FDRE clocked by sys_clk_pin  {rise@0.000ns fall@5.000ns period=10.000ns})
  Path Group:             sys_clk_pin
  Path Type:              Hold (Min at Fast Process Corner)
  Requirement:            0.000ns  (sys_clk_pin rise@0.000ns - sys_clk_pin rise@0.000ns)
  Data Path Delay:        0.320ns  (logic 0.246ns (76.992%)  route 0.074ns (23.008%))
  Logic Levels:           1  (LUT4=1)
  Clock Path Skew:        0.000ns (DCD - SCD - CPR)
    Destination Clock Delay (DCD):    2.033ns
    Source Clock Delay      (SCD):    1.518ns
    Clock Pessimism Removal (CPR):    0.514ns

    Location             Delay type                Incr(ns)  Path(ns)    Netlist Resource(s)
  -------------------------------------------------------------------    -------------------
                         (clock sys_clk_pin rise edge)
                                                      0.000     0.000 r  
    E3                                                0.000     0.000 r  CLK (IN)
                         net (fo=0)                   0.000     0.000    CLK
    E3                   IBUF (Prop_ibuf_I_O)         0.250     0.250 r  CLK_IBUF_inst/O
                         net (fo=1, routed)           0.644     0.894    CLK_IBUF
    BUFGCTRL_X0Y16       BUFG (Prop_bufg_I_O)         0.026     0.920 r  CLK_IBUF_BUFG_inst/O
                         net (fo=65, routed)          0.599     1.518    debounce_ps2_data/CLK_IBUF_BUFG
    SLICE_X6Y84          FDRE                                         r  debounce_ps2_data/flipflops_reg[1]/C
  -------------------------------------------------------------------    -------------------
    SLICE_X6Y84          FDRE (Prop_fdre_C_Q)         0.148     1.666 r  debounce_ps2_data/flipflops_reg[1]/Q
                         net (fo=2, routed)           0.074     1.740    debounce_ps2_data/p_0_in
    SLICE_X6Y84          LUT4 (Prop_lut4_I1_O)        0.098     1.838 r  debounce_ps2_data/result_i_1__0/O
                         net (fo=1, routed)           0.000     1.838    debounce_ps2_data/result_i_1__0_n_0
    SLICE_X6Y84          FDRE                                         r  debounce_ps2_data/result_reg/D
  -------------------------------------------------------------------    -------------------

                         (clock sys_clk_pin rise edge)
                                                      0.000     0.000 r  
    E3                                                0.000     0.000 r  CLK (IN)
                         net (fo=0)                   0.000     0.000    CLK
    E3                   IBUF (Prop_ibuf_I_O)         0.438     0.438 r  CLK_IBUF_inst/O
                         net (fo=1, routed)           0.699     1.136    CLK_IBUF
    BUFGCTRL_X0Y16       BUFG (Prop_bufg_I_O)         0.029     1.165 r  CLK_IBUF_BUFG_inst/O
                         net (fo=65, routed)          0.868     2.033    debounce_ps2_data/CLK_IBUF_BUFG
    SLICE_X6Y84          FDRE                                         r  debounce_ps2_data/result_reg/C
                         clock pessimism             -0.514     1.518    
    SLICE_X6Y84          FDRE (Hold_fdre_C_D)         0.120     1.638    debounce_ps2_data/result_reg
  -------------------------------------------------------------------
                         required time                         -1.638    
                         arrival time                           1.838    
  -------------------------------------------------------------------
                         slack                                  0.200    

Slack (MET) :             0.200ns  (arrival time - required time)
  Source:                 ps2_word_reg[1]/C
                            (rising edge-triggered cell FDRE clocked by sys_clk_pin  {rise@0.000ns fall@5.000ns period=10.000ns})
  Destination:            ps2_word_reg[0]/D
                            (rising edge-triggered cell FDRE clocked by sys_clk_pin  {rise@0.000ns fall@5.000ns period=10.000ns})
  Path Group:             sys_clk_pin
  Path Type:              Hold (Min at Fast Process Corner)
  Requirement:            0.000ns  (sys_clk_pin rise@0.000ns - sys_clk_pin rise@0.000ns)
  Data Path Delay:        0.284ns  (logic 0.141ns (49.704%)  route 0.143ns (50.296%))
  Logic Levels:           0  
  Clock Path Skew:        0.014ns (DCD - SCD - CPR)
    Destination Clock Delay (DCD):    2.036ns
    Source Clock Delay      (SCD):    1.519ns
    Clock Pessimism Removal (CPR):    0.502ns

    Location             Delay type                Incr(ns)  Path(ns)    Netlist Resource(s)
  -------------------------------------------------------------------    -------------------
                         (clock sys_clk_pin rise edge)
                                                      0.000     0.000 r  
    E3                                                0.000     0.000 r  CLK (IN)
                         net (fo=0)                   0.000     0.000    CLK
    E3                   IBUF (Prop_ibuf_I_O)         0.250     0.250 r  CLK_IBUF_inst/O
                         net (fo=1, routed)           0.644     0.894    CLK_IBUF
    BUFGCTRL_X0Y16       BUFG (Prop_bufg_I_O)         0.026     0.920 r  CLK_IBUF_BUFG_inst/O
                         net (fo=65, routed)          0.600     1.519    CLK_IBUF_BUFG
    SLICE_X0Y85          FDRE                                         r  ps2_word_reg[1]/C
  -------------------------------------------------------------------    -------------------
    SLICE_X0Y85          FDRE (Prop_fdre_C_Q)         0.141     1.660 r  ps2_word_reg[1]/Q
                         net (fo=4, routed)           0.143     1.803    p_0_in[0]
    SLICE_X0Y84          FDRE                                         r  ps2_word_reg[0]/D
  -------------------------------------------------------------------    -------------------

                         (clock sys_clk_pin rise edge)
                                                      0.000     0.000 r  
    E3                                                0.000     0.000 r  CLK (IN)
                         net (fo=0)                   0.000     0.000    CLK
    E3                   IBUF (Prop_ibuf_I_O)         0.438     0.438 r  CLK_IBUF_inst/O
                         net (fo=1, routed)           0.699     1.136    CLK_IBUF
    BUFGCTRL_X0Y16       BUFG (Prop_bufg_I_O)         0.029     1.165 r  CLK_IBUF_BUFG_inst/O
                         net (fo=65, routed)          0.871     2.036    CLK_IBUF_BUFG
    SLICE_X0Y84          FDRE                                         r  ps2_word_reg[0]/C
                         clock pessimism             -0.502     1.533    
    SLICE_X0Y84          FDRE (Hold_fdre_C_D)         0.070     1.603    ps2_word_reg[0]
  -------------------------------------------------------------------
                         required time                         -1.603    
                         arrival time                           1.803    
  -------------------------------------------------------------------
                         slack                                  0.200    

Slack (MET) :             0.201ns  (arrival time - required time)
  Source:                 ps2_word_reg[1]/C
                            (rising edge-triggered cell FDRE clocked by sys_clk_pin  {rise@0.000ns fall@5.000ns period=10.000ns})
  Destination:            ps2_code_reg[0]/D
                            (rising edge-triggered cell FDRE clocked by sys_clk_pin  {rise@0.000ns fall@5.000ns period=10.000ns})
  Path Group:             sys_clk_pin
  Path Type:              Hold (Min at Fast Process Corner)
  Requirement:            0.000ns  (sys_clk_pin rise@0.000ns - sys_clk_pin rise@0.000ns)
  Data Path Delay:        0.286ns  (logic 0.141ns (49.356%)  route 0.145ns (50.644%))
  Logic Levels:           0  
  Clock Path Skew:        0.015ns (DCD - SCD - CPR)
    Destination Clock Delay (DCD):    2.037ns
    Source Clock Delay      (SCD):    1.519ns
    Clock Pessimism Removal (CPR):    0.502ns

    Location             Delay type                Incr(ns)  Path(ns)    Netlist Resource(s)
  -------------------------------------------------------------------    -------------------
                         (clock sys_clk_pin rise edge)
                                                      0.000     0.000 r  
    E3                                                0.000     0.000 r  CLK (IN)
                         net (fo=0)                   0.000     0.000    CLK
    E3                   IBUF (Prop_ibuf_I_O)         0.250     0.250 r  CLK_IBUF_inst/O
                         net (fo=1, routed)           0.644     0.894    CLK_IBUF
    BUFGCTRL_X0Y16       BUFG (Prop_bufg_I_O)         0.026     0.920 r  CLK_IBUF_BUFG_inst/O
                         net (fo=65, routed)          0.600     1.519    CLK_IBUF_BUFG
    SLICE_X0Y85          FDRE                                         r  ps2_word_reg[1]/C
  -------------------------------------------------------------------    -------------------
    SLICE_X0Y85          FDRE (Prop_fdre_C_Q)         0.141     1.660 r  ps2_word_reg[1]/Q
                         net (fo=4, routed)           0.145     1.805    p_0_in[0]
    SLICE_X0Y86          FDRE                                         r  ps2_code_reg[0]/D
  -------------------------------------------------------------------    -------------------

                         (clock sys_clk_pin rise edge)
                                                      0.000     0.000 r  
    E3                                                0.000     0.000 r  CLK (IN)
                         net (fo=0)                   0.000     0.000    CLK
    E3                   IBUF (Prop_ibuf_I_O)         0.438     0.438 r  CLK_IBUF_inst/O
                         net (fo=1, routed)           0.699     1.136    CLK_IBUF
    BUFGCTRL_X0Y16       BUFG (Prop_bufg_I_O)         0.029     1.165 r  CLK_IBUF_BUFG_inst/O
                         net (fo=65, routed)          0.872     2.037    CLK_IBUF_BUFG
    SLICE_X0Y86          FDRE                                         r  ps2_code_reg[0]/C
                         clock pessimism             -0.502     1.534    
    SLICE_X0Y86          FDRE (Hold_fdre_C_D)         0.070     1.604    ps2_code_reg[0]
  -------------------------------------------------------------------
                         required time                         -1.604    
                         arrival time                           1.805    
  -------------------------------------------------------------------
                         slack                                  0.201    

Slack (MET) :             0.202ns  (arrival time - required time)
  Source:                 ps2_word_reg[2]/C
                            (rising edge-triggered cell FDRE clocked by sys_clk_pin  {rise@0.000ns fall@5.000ns period=10.000ns})
  Destination:            ps2_code_reg[1]/D
                            (rising edge-triggered cell FDRE clocked by sys_clk_pin  {rise@0.000ns fall@5.000ns period=10.000ns})
  Path Group:             sys_clk_pin
  Path Type:              Hold (Min at Fast Process Corner)
  Requirement:            0.000ns  (sys_clk_pin rise@0.000ns - sys_clk_pin rise@0.000ns)
  Data Path Delay:        0.288ns  (logic 0.141ns (48.919%)  route 0.147ns (51.081%))
  Logic Levels:           0  
  Clock Path Skew:        0.016ns (DCD - SCD - CPR)
    Destination Clock Delay (DCD):    2.038ns
    Source Clock Delay      (SCD):    1.519ns
    Clock Pessimism Removal (CPR):    0.502ns

    Location             Delay type                Incr(ns)  Path(ns)    Netlist Resource(s)
  -------------------------------------------------------------------    -------------------
                         (clock sys_clk_pin rise edge)
                                                      0.000     0.000 r  
    E3                                                0.000     0.000 r  CLK (IN)
                         net (fo=0)                   0.000     0.000    CLK
    E3                   IBUF (Prop_ibuf_I_O)         0.250     0.250 r  CLK_IBUF_inst/O
                         net (fo=1, routed)           0.644     0.894    CLK_IBUF
    BUFGCTRL_X0Y16       BUFG (Prop_bufg_I_O)         0.026     0.920 r  CLK_IBUF_BUFG_inst/O
                         net (fo=65, routed)          0.600     1.519    CLK_IBUF_BUFG
    SLICE_X0Y85          FDRE                                         r  ps2_word_reg[2]/C
  -------------------------------------------------------------------    -------------------
    SLICE_X0Y85          FDRE (Prop_fdre_C_Q)         0.141     1.660 r  ps2_word_reg[2]/Q
                         net (fo=4, routed)           0.147     1.808    p_0_in[1]
    SLICE_X0Y87          FDRE                                         r  ps2_code_reg[1]/D
  -------------------------------------------------------------------    -------------------

                         (clock sys_clk_pin rise edge)
                                                      0.000     0.000 r  
    E3                                                0.000     0.000 r  CLK (IN)
                         net (fo=0)                   0.000     0.000    CLK
    E3                   IBUF (Prop_ibuf_I_O)         0.438     0.438 r  CLK_IBUF_inst/O
                         net (fo=1, routed)           0.699     1.136    CLK_IBUF
    BUFGCTRL_X0Y16       BUFG (Prop_bufg_I_O)         0.029     1.165 r  CLK_IBUF_BUFG_inst/O
                         net (fo=65, routed)          0.873     2.038    CLK_IBUF_BUFG
    SLICE_X0Y87          FDRE                                         r  ps2_code_reg[1]/C
                         clock pessimism             -0.502     1.535    
    SLICE_X0Y87          FDRE (Hold_fdre_C_D)         0.070     1.605    ps2_code_reg[1]
  -------------------------------------------------------------------
                         required time                         -1.605    
                         arrival time                           1.808    
  -------------------------------------------------------------------
                         slack                                  0.202    

Slack (MET) :             0.204ns  (arrival time - required time)
  Source:                 ps2_word_reg[5]/C
                            (rising edge-triggered cell FDRE clocked by sys_clk_pin  {rise@0.000ns fall@5.000ns period=10.000ns})
  Destination:            ps2_word_reg[4]/D
                            (rising edge-triggered cell FDRE clocked by sys_clk_pin  {rise@0.000ns fall@5.000ns period=10.000ns})
  Path Group:             sys_clk_pin
  Path Type:              Hold (Min at Fast Process Corner)
  Requirement:            0.000ns  (sys_clk_pin rise@0.000ns - sys_clk_pin rise@0.000ns)
  Data Path Delay:        0.288ns  (logic 0.141ns (48.886%)  route 0.147ns (51.114%))
  Logic Levels:           0  
  Clock Path Skew:        0.014ns (DCD - SCD - CPR)
    Destination Clock Delay (DCD):    2.036ns
    Source Clock Delay      (SCD):    1.519ns
    Clock Pessimism Removal (CPR):    0.502ns

    Location             Delay type                Incr(ns)  Path(ns)    Netlist Resource(s)
  -------------------------------------------------------------------    -------------------
                         (clock sys_clk_pin rise edge)
                                                      0.000     0.000 r  
    E3                                                0.000     0.000 r  CLK (IN)
                         net (fo=0)                   0.000     0.000    CLK
    E3                   IBUF (Prop_ibuf_I_O)         0.250     0.250 r  CLK_IBUF_inst/O
                         net (fo=1, routed)           0.644     0.894    CLK_IBUF
    BUFGCTRL_X0Y16       BUFG (Prop_bufg_I_O)         0.026     0.920 r  CLK_IBUF_BUFG_inst/O
                         net (fo=65, routed)          0.600     1.519    CLK_IBUF_BUFG
    SLICE_X0Y85          FDRE                                         r  ps2_word_reg[5]/C
  -------------------------------------------------------------------    -------------------
    SLICE_X0Y85          FDRE (Prop_fdre_C_Q)         0.141     1.660 r  ps2_word_reg[5]/Q
                         net (fo=4, routed)           0.147     1.808    p_0_in[4]
    SLICE_X0Y84          FDRE                                         r  ps2_word_reg[4]/D
  -------------------------------------------------------------------    -------------------

                         (clock sys_clk_pin rise edge)
                                                      0.000     0.000 r  
    E3                                                0.000     0.000 r  CLK (IN)
                         net (fo=0)                   0.000     0.000    CLK
    E3                   IBUF (Prop_ibuf_I_O)         0.438     0.438 r  CLK_IBUF_inst/O
                         net (fo=1, routed)           0.699     1.136    CLK_IBUF
    BUFGCTRL_X0Y16       BUFG (Prop_bufg_I_O)         0.029     1.165 r  CLK_IBUF_BUFG_inst/O
                         net (fo=65, routed)          0.871     2.036    CLK_IBUF_BUFG
    SLICE_X0Y84          FDRE                                         r  ps2_word_reg[4]/C
                         clock pessimism             -0.502     1.533    
    SLICE_X0Y84          FDRE (Hold_fdre_C_D)         0.070     1.603    ps2_word_reg[4]
  -------------------------------------------------------------------
                         required time                         -1.603    
                         arrival time                           1.808    
  -------------------------------------------------------------------
                         slack                                  0.204    

Slack (MET) :             0.221ns  (arrival time - required time)
  Source:                 sync_ffs_reg[0]/C
                            (rising edge-triggered cell FDRE clocked by sys_clk_pin  {rise@0.000ns fall@5.000ns period=10.000ns})
  Destination:            debounce_ps2_clk/flipflops_reg[0]/D
                            (rising edge-triggered cell FDRE clocked by sys_clk_pin  {rise@0.000ns fall@5.000ns period=10.000ns})
  Path Group:             sys_clk_pin
  Path Type:              Hold (Min at Fast Process Corner)
  Requirement:            0.000ns  (sys_clk_pin rise@0.000ns - sys_clk_pin rise@0.000ns)
  Data Path Delay:        0.280ns  (logic 0.164ns (58.537%)  route 0.116ns (41.463%))
  Logic Levels:           0  
  Clock Path Skew:        0.000ns (DCD - SCD - CPR)
    Destination Clock Delay (DCD):    2.035ns
    Source Clock Delay      (SCD):    1.519ns
    Clock Pessimism Removal (CPR):    0.515ns

    Location             Delay type                Incr(ns)  Path(ns)    Netlist Resource(s)
  -------------------------------------------------------------------    -------------------
                         (clock sys_clk_pin rise edge)
                                                      0.000     0.000 r  
    E3                                                0.000     0.000 r  CLK (IN)
                         net (fo=0)                   0.000     0.000    CLK
    E3                   IBUF (Prop_ibuf_I_O)         0.250     0.250 r  CLK_IBUF_inst/O
                         net (fo=1, routed)           0.644     0.894    CLK_IBUF
    BUFGCTRL_X0Y16       BUFG (Prop_bufg_I_O)         0.026     0.920 r  CLK_IBUF_BUFG_inst/O
                         net (fo=65, routed)          0.600     1.519    CLK_IBUF_BUFG
    SLICE_X6Y87          FDRE                                         r  sync_ffs_reg[0]/C
  -------------------------------------------------------------------    -------------------
    SLICE_X6Y87          FDRE (Prop_fdre_C_Q)         0.164     1.683 r  sync_ffs_reg[0]/Q
                         net (fo=1, routed)           0.116     1.799    debounce_ps2_clk/Q[0]
    SLICE_X6Y87          FDRE                                         r  debounce_ps2_clk/flipflops_reg[0]/D
  -------------------------------------------------------------------    -------------------

                         (clock sys_clk_pin rise edge)
                                                      0.000     0.000 r  
    E3                                                0.000     0.000 r  CLK (IN)
                         net (fo=0)                   0.000     0.000    CLK
    E3                   IBUF (Prop_ibuf_I_O)         0.438     0.438 r  CLK_IBUF_inst/O
                         net (fo=1, routed)           0.699     1.136    CLK_IBUF
    BUFGCTRL_X0Y16       BUFG (Prop_bufg_I_O)         0.029     1.165 r  CLK_IBUF_BUFG_inst/O
                         net (fo=65, routed)          0.870     2.035    debounce_ps2_clk/CLK_IBUF_BUFG
    SLICE_X6Y87          FDRE                                         r  debounce_ps2_clk/flipflops_reg[0]/C
                         clock pessimism             -0.515     1.519    
    SLICE_X6Y87          FDRE (Hold_fdre_C_D)         0.059     1.578    debounce_ps2_clk/flipflops_reg[0]
  -------------------------------------------------------------------
                         required time                         -1.578    
                         arrival time                           1.799    
  -------------------------------------------------------------------
                         slack                                  0.221    





Pulse Width Checks
--------------------------------------------------------------------------------------
Clock Name:         sys_clk_pin
Waveform(ns):       { 0.000 5.000 }
Period(ns):         10.000
Sources:            { CLK }

Check Type        Corner  Lib Pin  Reference Pin  Required(ns)  Actual(ns)  Slack(ns)  Location        Pin
Min Period        n/a     BUFG/I   n/a            2.155         10.000      7.845      BUFGCTRL_X0Y16  CLK_IBUF_BUFG_inst/I
Min Period        n/a     FDRE/C   n/a            1.000         10.000      9.000      SLICE_X2Y85     break_received_reg/C
Min Period        n/a     FDRE/C   n/a            1.000         10.000      9.000      SLICE_X1Y82     count_idle_reg[0]/C
Min Period        n/a     FDRE/C   n/a            1.000         10.000      9.000      SLICE_X1Y84     count_idle_reg[10]/C
Min Period        n/a     FDRE/C   n/a            1.000         10.000      9.000      SLICE_X1Y84     count_idle_reg[11]/C
Min Period        n/a     FDRE/C   n/a            1.000         10.000      9.000      SLICE_X1Y85     count_idle_reg[12]/C
Min Period        n/a     FDRE/C   n/a            1.000         10.000      9.000      SLICE_X1Y82     count_idle_reg[1]/C
Min Period        n/a     FDRE/C   n/a            1.000         10.000      9.000      SLICE_X1Y82     count_idle_reg[2]/C
Min Period        n/a     FDRE/C   n/a            1.000         10.000      9.000      SLICE_X1Y82     count_idle_reg[3]/C
Min Period        n/a     FDRE/C   n/a            1.000         10.000      9.000      SLICE_X1Y83     count_idle_reg[4]/C
Low Pulse Width   Slow    FDRE/C   n/a            0.500         5.000       4.500      SLICE_X2Y85     break_received_reg/C
Low Pulse Width   Fast    FDRE/C   n/a            0.500         5.000       4.500      SLICE_X2Y85     break_received_reg/C
Low Pulse Width   Slow    FDRE/C   n/a            0.500         5.000       4.500      SLICE_X1Y82     count_idle_reg[0]/C
Low Pulse Width   Fast    FDRE/C   n/a            0.500         5.000       4.500      SLICE_X1Y82     count_idle_reg[0]/C
Low Pulse Width   Slow    FDRE/C   n/a            0.500         5.000       4.500      SLICE_X1Y84     count_idle_reg[10]/C
Low Pulse Width   Fast    FDRE/C   n/a            0.500         5.000       4.500      SLICE_X1Y84     count_idle_reg[10]/C
Low Pulse Width   Slow    FDRE/C   n/a            0.500         5.000       4.500      SLICE_X1Y84     count_idle_reg[11]/C
Low Pulse Width   Fast    FDRE/C   n/a            0.500         5.000       4.500      SLICE_X1Y84     count_idle_reg[11]/C
Low Pulse Width   Slow    FDRE/C   n/a            0.500         5.000       4.500      SLICE_X1Y85     count_idle_reg[12]/C
Low Pulse Width   Fast    FDRE/C   n/a            0.500         5.000       4.500      SLICE_X1Y85     count_idle_reg[12]/C
High Pulse Width  Slow    FDRE/C   n/a            0.500         5.000       4.500      SLICE_X2Y85     break_received_reg/C
High Pulse Width  Fast    FDRE/C   n/a            0.500         5.000       4.500      SLICE_X2Y85     break_received_reg/C
High Pulse Width  Slow    FDRE/C   n/a            0.500         5.000       4.500      SLICE_X1Y82     count_idle_reg[0]/C
High Pulse Width  Fast    FDRE/C   n/a            0.500         5.000       4.500      SLICE_X1Y82     count_idle_reg[0]/C
High Pulse Width  Slow    FDRE/C   n/a            0.500         5.000       4.500      SLICE_X1Y84     count_idle_reg[10]/C
High Pulse Width  Fast    FDRE/C   n/a            0.500         5.000       4.500      SLICE_X1Y84     count_idle_reg[10]/C
High Pulse Width  Slow    FDRE/C   n/a            0.500         5.000       4.500      SLICE_X1Y84     count_idle_reg[11]/C
High Pulse Width  Fast    FDRE/C   n/a            0.500         5.000       4.500      SLICE_X1Y84     count_idle_reg[11]/C
High Pulse Width  Slow    FDRE/C   n/a            0.500         5.000       4.500      SLICE_X1Y85     count_idle_reg[12]/C
High Pulse Width  Fast    FDRE/C   n/a            0.500         5.000       4.500      SLICE_X1Y85     count_idle_reg[12]/C



--------------------------------------------------------------------------------------
Path Group:  (none)
From Clock:  sys_clk_pin
  To Clock:  

Max Delay            10 Endpoints
Min Delay            10 Endpoints
--------------------------------------------------------------------------------------


Max Delay Paths
--------------------------------------------------------------------------------------
Slack:                    inf
  Source:                 led_state_reg[0]/C
                            (rising edge-triggered cell FDRE clocked by sys_clk_pin  {rise@0.000ns fall@5.000ns period=10.000ns})
  Destination:            LED[0]
                            (output port)
  Path Group:             (none)
  Path Type:              Max at Slow Process Corner
  Data Path Delay:        6.469ns  (logic 4.038ns (62.423%)  route 2.431ns (37.577%))
  Logic Levels:           1  (OBUF=1)
  Clock Uncertainty:      0.025ns  ((TSJ^2 + TIJ^2)^1/2 + DJ) / 2 + PE
    Total System Jitter     (TSJ):    0.050ns
    Total Input Jitter      (TIJ):    0.000ns
    Discrete Jitter          (DJ):    0.000ns
    Phase Error              (PE):    0.000ns

    Location             Delay type                Incr(ns)  Path(ns)    Netlist Resource(s)
  -------------------------------------------------------------------    -------------------
                         (clock sys_clk_pin rise edge)
                                                      0.000     0.000 r  
    E3                                                0.000     0.000 r  CLK (IN)
                         net (fo=0)                   0.000     0.000    CLK
    E3                   IBUF (Prop_ibuf_I_O)         1.482     1.482 r  CLK_IBUF_inst/O
                         net (fo=1, routed)           2.025     3.506    CLK_IBUF
    BUFGCTRL_X0Y16       BUFG (Prop_bufg_I_O)         0.096     3.602 r  CLK_IBUF_BUFG_inst/O
                         net (fo=65, routed)          1.718     5.321    CLK_IBUF_BUFG
    SLICE_X2Y84          FDRE                                         r  led_state_reg[0]/C
  -------------------------------------------------------------------    -------------------
    SLICE_X2Y84          FDRE (Prop_fdre_C_Q)         0.518     5.839 r  led_state_reg[0]/Q
                         net (fo=1, routed)           2.431     8.270    LED_OBUF[0]
    H17                  OBUF (Prop_obuf_I_O)         3.520    11.790 r  LED_OBUF[0]_inst/O
                         net (fo=0)                   0.000    11.790    LED[0]
    H17                                                               r  LED[0] (OUT)
  -------------------------------------------------------------------    -------------------

Slack:                    inf
  Source:                 ps2_code_new_reg/C
                            (rising edge-triggered cell FDRE clocked by sys_clk_pin  {rise@0.000ns fall@5.000ns period=10.000ns})
  Destination:            ps2_code_new
                            (output port)
  Path Group:             (none)
  Path Type:              Max at Slow Process Corner
  Data Path Delay:        6.406ns  (logic 4.025ns (62.827%)  route 2.381ns (37.173%))
  Logic Levels:           1  (OBUF=1)
  Clock Uncertainty:      0.025ns  ((TSJ^2 + TIJ^2)^1/2 + DJ) / 2 + PE
    Total System Jitter     (TSJ):    0.050ns
    Total Input Jitter      (TIJ):    0.000ns
    Discrete Jitter          (DJ):    0.000ns
    Phase Error              (PE):    0.000ns

    Location             Delay type                Incr(ns)  Path(ns)    Netlist Resource(s)
  -------------------------------------------------------------------    -------------------
                         (clock sys_clk_pin rise edge)
                                                      0.000     0.000 r  
    E3                                                0.000     0.000 r  CLK (IN)
                         net (fo=0)                   0.000     0.000    CLK
    E3                   IBUF (Prop_ibuf_I_O)         1.482     1.482 r  CLK_IBUF_inst/O
                         net (fo=1, routed)           2.025     3.506    CLK_IBUF
    BUFGCTRL_X0Y16       BUFG (Prop_bufg_I_O)         0.096     3.602 r  CLK_IBUF_BUFG_inst/O
                         net (fo=65, routed)          1.714     5.317    CLK_IBUF_BUFG
    SLICE_X0Y81          FDRE                                         r  ps2_code_new_reg/C
  -------------------------------------------------------------------    -------------------
    SLICE_X0Y81          FDRE (Prop_fdre_C_Q)         0.456     5.773 r  ps2_code_new_reg/Q
                         net (fo=1, routed)           2.381     8.154    ps2_code_new_OBUF
    V11                  OBUF (Prop_obuf_I_O)         3.569    11.723 r  ps2_code_new_OBUF_inst/O
                         net (fo=0)                   0.000    11.723    ps2_code_new
    V11                                                               r  ps2_code_new (OUT)
  -------------------------------------------------------------------    -------------------

Slack:                    inf
  Source:                 ps2_code_reg[4]/C
                            (rising edge-triggered cell FDRE clocked by sys_clk_pin  {rise@0.000ns fall@5.000ns period=10.000ns})
  Destination:            ps2_code[4]
                            (output port)
  Path Group:             (none)
  Path Type:              Max at Slow Process Corner
  Data Path Delay:        6.325ns  (logic 4.008ns (63.363%)  route 2.317ns (36.637%))
  Logic Levels:           1  (OBUF=1)
  Clock Uncertainty:      0.025ns  ((TSJ^2 + TIJ^2)^1/2 + DJ) / 2 + PE
    Total System Jitter     (TSJ):    0.050ns
    Total Input Jitter      (TIJ):    0.000ns
    Discrete Jitter          (DJ):    0.000ns
    Phase Error              (PE):    0.000ns

    Location             Delay type                Incr(ns)  Path(ns)    Netlist Resource(s)
  -------------------------------------------------------------------    -------------------
                         (clock sys_clk_pin rise edge)
                                                      0.000     0.000 r  
    E3                                                0.000     0.000 r  CLK (IN)
                         net (fo=0)                   0.000     0.000    CLK
    E3                   IBUF (Prop_ibuf_I_O)         1.482     1.482 r  CLK_IBUF_inst/O
                         net (fo=1, routed)           2.025     3.506    CLK_IBUF
    BUFGCTRL_X0Y16       BUFG (Prop_bufg_I_O)         0.096     3.602 r  CLK_IBUF_BUFG_inst/O
                         net (fo=65, routed)          1.716     5.319    CLK_IBUF_BUFG
    SLICE_X0Y82          FDRE                                         r  ps2_code_reg[4]/C
  -------------------------------------------------------------------    -------------------
    SLICE_X0Y82          FDRE (Prop_fdre_C_Q)         0.456     5.775 r  ps2_code_reg[4]/Q
                         net (fo=1, routed)           2.317     8.092    ps2_code_OBUF[4]
    V17                  OBUF (Prop_obuf_I_O)         3.552    11.644 r  ps2_code_OBUF[4]_inst/O
                         net (fo=0)                   0.000    11.644    ps2_code[4]
    V17                                                               r  ps2_code[4] (OUT)
  -------------------------------------------------------------------    -------------------

Slack:                    inf
  Source:                 ps2_code_reg[6]/C
                            (rising edge-triggered cell FDRE clocked by sys_clk_pin  {rise@0.000ns fall@5.000ns period=10.000ns})
  Destination:            ps2_code[6]
                            (output port)
  Path Group:             (none)
  Path Type:              Max at Slow Process Corner
  Data Path Delay:        6.325ns  (logic 4.011ns (63.421%)  route 2.314ns (36.579%))
  Logic Levels:           1  (OBUF=1)
  Clock Uncertainty:      0.025ns  ((TSJ^2 + TIJ^2)^1/2 + DJ) / 2 + PE
    Total System Jitter     (TSJ):    0.050ns
    Total Input Jitter      (TIJ):    0.000ns
    Discrete Jitter          (DJ):    0.000ns
    Phase Error              (PE):    0.000ns

    Location             Delay type                Incr(ns)  Path(ns)    Netlist Resource(s)
  -------------------------------------------------------------------    -------------------
                         (clock sys_clk_pin rise edge)
                                                      0.000     0.000 r  
    E3                                                0.000     0.000 r  CLK (IN)
                         net (fo=0)                   0.000     0.000    CLK
    E3                   IBUF (Prop_ibuf_I_O)         1.482     1.482 r  CLK_IBUF_inst/O
                         net (fo=1, routed)           2.025     3.506    CLK_IBUF
    BUFGCTRL_X0Y16       BUFG (Prop_bufg_I_O)         0.096     3.602 r  CLK_IBUF_BUFG_inst/O
                         net (fo=65, routed)          1.716     5.319    CLK_IBUF_BUFG
    SLICE_X0Y82          FDRE                                         r  ps2_code_reg[6]/C
  -------------------------------------------------------------------    -------------------
    SLICE_X0Y82          FDRE (Prop_fdre_C_Q)         0.456     5.775 r  ps2_code_reg[6]/Q
                         net (fo=1, routed)           2.314     8.088    ps2_code_OBUF[6]
    U16                  OBUF (Prop_obuf_I_O)         3.555    11.643 r  ps2_code_OBUF[6]_inst/O
                         net (fo=0)                   0.000    11.643    ps2_code[6]
    U16                                                               r  ps2_code[6] (OUT)
  -------------------------------------------------------------------    -------------------

Slack:                    inf
  Source:                 ps2_code_reg[7]/C
                            (rising edge-triggered cell FDRE clocked by sys_clk_pin  {rise@0.000ns fall@5.000ns period=10.000ns})
  Destination:            ps2_code[7]
                            (output port)
  Path Group:             (none)
  Path Type:              Max at Slow Process Corner
  Data Path Delay:        6.317ns  (logic 4.004ns (63.377%)  route 2.313ns (36.623%))
  Logic Levels:           1  (OBUF=1)
  Clock Uncertainty:      0.025ns  ((TSJ^2 + TIJ^2)^1/2 + DJ) / 2 + PE
    Total System Jitter     (TSJ):    0.050ns
    Total Input Jitter      (TIJ):    0.000ns
    Discrete Jitter          (DJ):    0.000ns
    Phase Error              (PE):    0.000ns

    Location             Delay type                Incr(ns)  Path(ns)    Netlist Resource(s)
  -------------------------------------------------------------------    -------------------
                         (clock sys_clk_pin rise edge)
                                                      0.000     0.000 r  
    E3                                                0.000     0.000 r  CLK (IN)
                         net (fo=0)                   0.000     0.000    CLK
    E3                   IBUF (Prop_ibuf_I_O)         1.482     1.482 r  CLK_IBUF_inst/O
                         net (fo=1, routed)           2.025     3.506    CLK_IBUF
    BUFGCTRL_X0Y16       BUFG (Prop_bufg_I_O)         0.096     3.602 r  CLK_IBUF_BUFG_inst/O
                         net (fo=65, routed)          1.716     5.319    CLK_IBUF_BUFG
    SLICE_X0Y82          FDRE                                         r  ps2_code_reg[7]/C
  -------------------------------------------------------------------    -------------------
    SLICE_X0Y82          FDRE (Prop_fdre_C_Q)         0.456     5.775 r  ps2_code_reg[7]/Q
                         net (fo=1, routed)           2.313     8.088    ps2_code_OBUF[7]
    V16                  OBUF (Prop_obuf_I_O)         3.548    11.636 r  ps2_code_OBUF[7]_inst/O
                         net (fo=0)                   0.000    11.636    ps2_code[7]
    V16                                                               r  ps2_code[7] (OUT)
  -------------------------------------------------------------------    -------------------

Slack:                    inf
  Source:                 ps2_code_reg[5]/C
                            (rising edge-triggered cell FDRE clocked by sys_clk_pin  {rise@0.000ns fall@5.000ns period=10.000ns})
  Destination:            ps2_code[5]
                            (output port)
  Path Group:             (none)
  Path Type:              Max at Slow Process Corner
  Data Path Delay:        6.314ns  (logic 4.011ns (63.526%)  route 2.303ns (36.474%))
  Logic Levels:           1  (OBUF=1)
  Clock Uncertainty:      0.025ns  ((TSJ^2 + TIJ^2)^1/2 + DJ) / 2 + PE
    Total System Jitter     (TSJ):    0.050ns
    Total Input Jitter      (TIJ):    0.000ns
    Discrete Jitter          (DJ):    0.000ns
    Phase Error              (PE):    0.000ns

    Location             Delay type                Incr(ns)  Path(ns)    Netlist Resource(s)
  -------------------------------------------------------------------    -------------------
                         (clock sys_clk_pin rise edge)
                                                      0.000     0.000 r  
    E3                                                0.000     0.000 r  CLK (IN)
                         net (fo=0)                   0.000     0.000    CLK
    E3                   IBUF (Prop_ibuf_I_O)         1.482     1.482 r  CLK_IBUF_inst/O
                         net (fo=1, routed)           2.025     3.506    CLK_IBUF
    BUFGCTRL_X0Y16       BUFG (Prop_bufg_I_O)         0.096     3.602 r  CLK_IBUF_BUFG_inst/O
                         net (fo=65, routed)          1.716     5.319    CLK_IBUF_BUFG
    SLICE_X0Y82          FDRE                                         r  ps2_code_reg[5]/C
  -------------------------------------------------------------------    -------------------
    SLICE_X0Y82          FDRE (Prop_fdre_C_Q)         0.456     5.775 r  ps2_code_reg[5]/Q
                         net (fo=1, routed)           2.303     8.078    ps2_code_OBUF[5]
    U17                  OBUF (Prop_obuf_I_O)         3.555    11.633 r  ps2_code_OBUF[5]_inst/O
                         net (fo=0)                   0.000    11.633    ps2_code[5]
    U17                                                               r  ps2_code[5] (OUT)
  -------------------------------------------------------------------    -------------------

Slack:                    inf
  Source:                 ps2_code_reg[1]/C
                            (rising edge-triggered cell FDRE clocked by sys_clk_pin  {rise@0.000ns fall@5.000ns period=10.000ns})
  Destination:            ps2_code[1]
                            (output port)
  Path Group:             (none)
  Path Type:              Max at Slow Process Corner
  Data Path Delay:        6.293ns  (logic 4.009ns (63.701%)  route 2.284ns (36.299%))
  Logic Levels:           1  (OBUF=1)
  Clock Uncertainty:      0.025ns  ((TSJ^2 + TIJ^2)^1/2 + DJ) / 2 + PE
    Total System Jitter     (TSJ):    0.050ns
    Total Input Jitter      (TIJ):    0.000ns
    Discrete Jitter          (DJ):    0.000ns
    Phase Error              (PE):    0.000ns

    Location             Delay type                Incr(ns)  Path(ns)    Netlist Resource(s)
  -------------------------------------------------------------------    -------------------
                         (clock sys_clk_pin rise edge)
                                                      0.000     0.000 r  
    E3                                                0.000     0.000 r  CLK (IN)
                         net (fo=0)                   0.000     0.000    CLK
    E3                   IBUF (Prop_ibuf_I_O)         1.482     1.482 r  CLK_IBUF_inst/O
                         net (fo=1, routed)           2.025     3.506    CLK_IBUF
    BUFGCTRL_X0Y16       BUFG (Prop_bufg_I_O)         0.096     3.602 r  CLK_IBUF_BUFG_inst/O
                         net (fo=65, routed)          1.721     5.324    CLK_IBUF_BUFG
    SLICE_X0Y87          FDRE                                         r  ps2_code_reg[1]/C
  -------------------------------------------------------------------    -------------------
    SLICE_X0Y87          FDRE (Prop_fdre_C_Q)         0.456     5.780 r  ps2_code_reg[1]/Q
                         net (fo=1, routed)           2.284     8.064    ps2_code_OBUF[1]
    J13                  OBUF (Prop_obuf_I_O)         3.553    11.617 r  ps2_code_OBUF[1]_inst/O
                         net (fo=0)                   0.000    11.617    ps2_code[1]
    J13                                                               r  ps2_code[1] (OUT)
  -------------------------------------------------------------------    -------------------

Slack:                    inf
  Source:                 ps2_code_reg[0]/C
                            (rising edge-triggered cell FDRE clocked by sys_clk_pin  {rise@0.000ns fall@5.000ns period=10.000ns})
  Destination:            ps2_code[0]
                            (output port)
  Path Group:             (none)
  Path Type:              Max at Slow Process Corner
  Data Path Delay:        6.099ns  (logic 3.991ns (65.441%)  route 2.108ns (34.559%))
  Logic Levels:           1  (OBUF=1)
  Clock Uncertainty:      0.025ns  ((TSJ^2 + TIJ^2)^1/2 + DJ) / 2 + PE
    Total System Jitter     (TSJ):    0.050ns
    Total Input Jitter      (TIJ):    0.000ns
    Discrete Jitter          (DJ):    0.000ns
    Phase Error              (PE):    0.000ns

    Location             Delay type                Incr(ns)  Path(ns)    Netlist Resource(s)
  -------------------------------------------------------------------    -------------------
                         (clock sys_clk_pin rise edge)
                                                      0.000     0.000 r  
    E3                                                0.000     0.000 r  CLK (IN)
                         net (fo=0)                   0.000     0.000    CLK
    E3                   IBUF (Prop_ibuf_I_O)         1.482     1.482 r  CLK_IBUF_inst/O
                         net (fo=1, routed)           2.025     3.506    CLK_IBUF
    BUFGCTRL_X0Y16       BUFG (Prop_bufg_I_O)         0.096     3.602 r  CLK_IBUF_BUFG_inst/O
                         net (fo=65, routed)          1.720     5.323    CLK_IBUF_BUFG
    SLICE_X0Y86          FDRE                                         r  ps2_code_reg[0]/C
  -------------------------------------------------------------------    -------------------
    SLICE_X0Y86          FDRE (Prop_fdre_C_Q)         0.456     5.779 r  ps2_code_reg[0]/Q
                         net (fo=1, routed)           2.108     7.886    ps2_code_OBUF[0]
    K15                  OBUF (Prop_obuf_I_O)         3.535    11.422 r  ps2_code_OBUF[0]_inst/O
                         net (fo=0)                   0.000    11.422    ps2_code[0]
    K15                                                               r  ps2_code[0] (OUT)
  -------------------------------------------------------------------    -------------------

Slack:                    inf
  Source:                 ps2_code_reg[3]/C
                            (rising edge-triggered cell FDRE clocked by sys_clk_pin  {rise@0.000ns fall@5.000ns period=10.000ns})
  Destination:            ps2_code[3]
                            (output port)
  Path Group:             (none)
  Path Type:              Max at Slow Process Corner
  Data Path Delay:        5.696ns  (logic 4.008ns (70.358%)  route 1.688ns (29.642%))
  Logic Levels:           1  (OBUF=1)
  Clock Uncertainty:      0.025ns  ((TSJ^2 + TIJ^2)^1/2 + DJ) / 2 + PE
    Total System Jitter     (TSJ):    0.050ns
    Total Input Jitter      (TIJ):    0.000ns
    Discrete Jitter          (DJ):    0.000ns
    Phase Error              (PE):    0.000ns

    Location             Delay type                Incr(ns)  Path(ns)    Netlist Resource(s)
  -------------------------------------------------------------------    -------------------
                         (clock sys_clk_pin rise edge)
                                                      0.000     0.000 r  
    E3                                                0.000     0.000 r  CLK (IN)
                         net (fo=0)                   0.000     0.000    CLK
    E3                   IBUF (Prop_ibuf_I_O)         1.482     1.482 r  CLK_IBUF_inst/O
                         net (fo=1, routed)           2.025     3.506    CLK_IBUF
    BUFGCTRL_X0Y16       BUFG (Prop_bufg_I_O)         0.096     3.602 r  CLK_IBUF_BUFG_inst/O
                         net (fo=65, routed)          1.720     5.323    CLK_IBUF_BUFG
    SLICE_X0Y86          FDRE                                         r  ps2_code_reg[3]/C
  -------------------------------------------------------------------    -------------------
    SLICE_X0Y86          FDRE (Prop_fdre_C_Q)         0.456     5.779 r  ps2_code_reg[3]/Q
                         net (fo=1, routed)           1.688     7.467    ps2_code_OBUF[3]
    R18                  OBUF (Prop_obuf_I_O)         3.552    11.019 r  ps2_code_OBUF[3]_inst/O
                         net (fo=0)                   0.000    11.019    ps2_code[3]
    R18                                                               r  ps2_code[3] (OUT)
  -------------------------------------------------------------------    -------------------

Slack:                    inf
  Source:                 ps2_code_reg[2]/C
                            (rising edge-triggered cell FDRE clocked by sys_clk_pin  {rise@0.000ns fall@5.000ns period=10.000ns})
  Destination:            ps2_code[2]
                            (output port)
  Path Group:             (none)
  Path Type:              Max at Slow Process Corner
  Data Path Delay:        5.679ns  (logic 4.007ns (70.556%)  route 1.672ns (29.444%))
  Logic Levels:           1  (OBUF=1)
  Clock Uncertainty:      0.025ns  ((TSJ^2 + TIJ^2)^1/2 + DJ) / 2 + PE
    Total System Jitter     (TSJ):    0.050ns
    Total Input Jitter      (TIJ):    0.000ns
    Discrete Jitter          (DJ):    0.000ns
    Phase Error              (PE):    0.000ns

    Location             Delay type                Incr(ns)  Path(ns)    Netlist Resource(s)
  -------------------------------------------------------------------    -------------------
                         (clock sys_clk_pin rise edge)
                                                      0.000     0.000 r  
    E3                                                0.000     0.000 r  CLK (IN)
                         net (fo=0)                   0.000     0.000    CLK
    E3                   IBUF (Prop_ibuf_I_O)         1.482     1.482 r  CLK_IBUF_inst/O
                         net (fo=1, routed)           2.025     3.506    CLK_IBUF
    BUFGCTRL_X0Y16       BUFG (Prop_bufg_I_O)         0.096     3.602 r  CLK_IBUF_BUFG_inst/O
                         net (fo=65, routed)          1.717     5.320    CLK_IBUF_BUFG
    SLICE_X0Y83          FDRE                                         r  ps2_code_reg[2]/C
  -------------------------------------------------------------------    -------------------
    SLICE_X0Y83          FDRE (Prop_fdre_C_Q)         0.456     5.776 r  ps2_code_reg[2]/Q
                         net (fo=1, routed)           1.672     7.448    ps2_code_OBUF[2]
    N14                  OBUF (Prop_obuf_I_O)         3.551    10.998 r  ps2_code_OBUF[2]_inst/O
                         net (fo=0)                   0.000    10.998    ps2_code[2]
    N14                                                               r  ps2_code[2] (OUT)
  -------------------------------------------------------------------    -------------------





Min Delay Paths
--------------------------------------------------------------------------------------
Slack:                    inf
  Source:                 ps2_code_reg[2]/C
                            (rising edge-triggered cell FDRE clocked by sys_clk_pin  {rise@0.000ns fall@5.000ns period=10.000ns})
  Destination:            ps2_code[2]
                            (output port)
  Path Group:             (none)
  Path Type:              Min at Fast Process Corner
  Data Path Delay:        1.715ns  (logic 1.392ns (81.169%)  route 0.323ns (18.831%))
  Logic Levels:           1  (OBUF=1)
  Clock Uncertainty:      0.025ns  ((TSJ^2 + TIJ^2)^1/2 + DJ) / 2 + PE
    Total System Jitter     (TSJ):    0.050ns
    Total Input Jitter      (TIJ):    0.000ns
    Discrete Jitter          (DJ):    0.000ns
    Phase Error              (PE):    0.000ns

    Location             Delay type                Incr(ns)  Path(ns)    Netlist Resource(s)
  -------------------------------------------------------------------    -------------------
                         (clock sys_clk_pin rise edge)
                                                      0.000     0.000 r  
    E3                                                0.000     0.000 r  CLK (IN)
                         net (fo=0)                   0.000     0.000    CLK
    E3                   IBUF (Prop_ibuf_I_O)         0.250     0.250 r  CLK_IBUF_inst/O
                         net (fo=1, routed)           0.644     0.894    CLK_IBUF
    BUFGCTRL_X0Y16       BUFG (Prop_bufg_I_O)         0.026     0.920 r  CLK_IBUF_BUFG_inst/O
                         net (fo=65, routed)          0.599     1.518    CLK_IBUF_BUFG
    SLICE_X0Y83          FDRE                                         r  ps2_code_reg[2]/C
  -------------------------------------------------------------------    -------------------
    SLICE_X0Y83          FDRE (Prop_fdre_C_Q)         0.141     1.659 r  ps2_code_reg[2]/Q
                         net (fo=1, routed)           0.323     1.982    ps2_code_OBUF[2]
    N14                  OBUF (Prop_obuf_I_O)         1.251     3.234 r  ps2_code_OBUF[2]_inst/O
                         net (fo=0)                   0.000     3.234    ps2_code[2]
    N14                                                               r  ps2_code[2] (OUT)
  -------------------------------------------------------------------    -------------------

Slack:                    inf
  Source:                 ps2_code_reg[3]/C
                            (rising edge-triggered cell FDRE clocked by sys_clk_pin  {rise@0.000ns fall@5.000ns period=10.000ns})
  Destination:            ps2_code[3]
                            (output port)
  Path Group:             (none)
  Path Type:              Min at Fast Process Corner
  Data Path Delay:        1.747ns  (logic 1.393ns (79.766%)  route 0.353ns (20.234%))
  Logic Levels:           1  (OBUF=1)
  Clock Uncertainty:      0.025ns  ((TSJ^2 + TIJ^2)^1/2 + DJ) / 2 + PE
    Total System Jitter     (TSJ):    0.050ns
    Total Input Jitter      (TIJ):    0.000ns
    Discrete Jitter          (DJ):    0.000ns
    Phase Error              (PE):    0.000ns

    Location             Delay type                Incr(ns)  Path(ns)    Netlist Resource(s)
  -------------------------------------------------------------------    -------------------
                         (clock sys_clk_pin rise edge)
                                                      0.000     0.000 r  
    E3                                                0.000     0.000 r  CLK (IN)
                         net (fo=0)                   0.000     0.000    CLK
    E3                   IBUF (Prop_ibuf_I_O)         0.250     0.250 r  CLK_IBUF_inst/O
                         net (fo=1, routed)           0.644     0.894    CLK_IBUF
    BUFGCTRL_X0Y16       BUFG (Prop_bufg_I_O)         0.026     0.920 r  CLK_IBUF_BUFG_inst/O
                         net (fo=65, routed)          0.600     1.519    CLK_IBUF_BUFG
    SLICE_X0Y86          FDRE                                         r  ps2_code_reg[3]/C
  -------------------------------------------------------------------    -------------------
    SLICE_X0Y86          FDRE (Prop_fdre_C_Q)         0.141     1.660 r  ps2_code_reg[3]/Q
                         net (fo=1, routed)           0.353     2.014    ps2_code_OBUF[3]
    R18                  OBUF (Prop_obuf_I_O)         1.252     3.266 r  ps2_code_OBUF[3]_inst/O
                         net (fo=0)                   0.000     3.266    ps2_code[3]
    R18                                                               r  ps2_code[3] (OUT)
  -------------------------------------------------------------------    -------------------

Slack:                    inf
  Source:                 ps2_code_reg[0]/C
                            (rising edge-triggered cell FDRE clocked by sys_clk_pin  {rise@0.000ns fall@5.000ns period=10.000ns})
  Destination:            ps2_code[0]
                            (output port)
  Path Group:             (none)
  Path Type:              Min at Fast Process Corner
  Data Path Delay:        1.901ns  (logic 1.377ns (72.448%)  route 0.524ns (27.552%))
  Logic Levels:           1  (OBUF=1)
  Clock Uncertainty:      0.025ns  ((TSJ^2 + TIJ^2)^1/2 + DJ) / 2 + PE
    Total System Jitter     (TSJ):    0.050ns
    Total Input Jitter      (TIJ):    0.000ns
    Discrete Jitter          (DJ):    0.000ns
    Phase Error              (PE):    0.000ns

    Location             Delay type                Incr(ns)  Path(ns)    Netlist Resource(s)
  -------------------------------------------------------------------    -------------------
                         (clock sys_clk_pin rise edge)
                                                      0.000     0.000 r  
    E3                                                0.000     0.000 r  CLK (IN)
                         net (fo=0)                   0.000     0.000    CLK
    E3                   IBUF (Prop_ibuf_I_O)         0.250     0.250 r  CLK_IBUF_inst/O
                         net (fo=1, routed)           0.644     0.894    CLK_IBUF
    BUFGCTRL_X0Y16       BUFG (Prop_bufg_I_O)         0.026     0.920 r  CLK_IBUF_BUFG_inst/O
                         net (fo=65, routed)          0.600     1.519    CLK_IBUF_BUFG
    SLICE_X0Y86          FDRE                                         r  ps2_code_reg[0]/C
  -------------------------------------------------------------------    -------------------
    SLICE_X0Y86          FDRE (Prop_fdre_C_Q)         0.141     1.660 r  ps2_code_reg[0]/Q
                         net (fo=1, routed)           0.524     2.184    ps2_code_OBUF[0]
    K15                  OBUF (Prop_obuf_I_O)         1.236     3.420 r  ps2_code_OBUF[0]_inst/O
                         net (fo=0)                   0.000     3.420    ps2_code[0]
    K15                                                               r  ps2_code[0] (OUT)
  -------------------------------------------------------------------    -------------------

Slack:                    inf
  Source:                 ps2_code_reg[1]/C
                            (rising edge-triggered cell FDRE clocked by sys_clk_pin  {rise@0.000ns fall@5.000ns period=10.000ns})
  Destination:            ps2_code[1]
                            (output port)
  Path Group:             (none)
  Path Type:              Min at Fast Process Corner
  Data Path Delay:        1.973ns  (logic 1.394ns (70.684%)  route 0.578ns (29.316%))
  Logic Levels:           1  (OBUF=1)
  Clock Uncertainty:      0.025ns  ((TSJ^2 + TIJ^2)^1/2 + DJ) / 2 + PE
    Total System Jitter     (TSJ):    0.050ns
    Total Input Jitter      (TIJ):    0.000ns
    Discrete Jitter          (DJ):    0.000ns
    Phase Error              (PE):    0.000ns

    Location             Delay type                Incr(ns)  Path(ns)    Netlist Resource(s)
  -------------------------------------------------------------------    -------------------
                         (clock sys_clk_pin rise edge)
                                                      0.000     0.000 r  
    E3                                                0.000     0.000 r  CLK (IN)
                         net (fo=0)                   0.000     0.000    CLK
    E3                   IBUF (Prop_ibuf_I_O)         0.250     0.250 r  CLK_IBUF_inst/O
                         net (fo=1, routed)           0.644     0.894    CLK_IBUF
    BUFGCTRL_X0Y16       BUFG (Prop_bufg_I_O)         0.026     0.920 r  CLK_IBUF_BUFG_inst/O
                         net (fo=65, routed)          0.601     1.520    CLK_IBUF_BUFG
    SLICE_X0Y87          FDRE                                         r  ps2_code_reg[1]/C
  -------------------------------------------------------------------    -------------------
    SLICE_X0Y87          FDRE (Prop_fdre_C_Q)         0.141     1.661 r  ps2_code_reg[1]/Q
                         net (fo=1, routed)           0.578     2.240    ps2_code_OBUF[1]
    J13                  OBUF (Prop_obuf_I_O)         1.253     3.493 r  ps2_code_OBUF[1]_inst/O
                         net (fo=0)                   0.000     3.493    ps2_code[1]
    J13                                                               r  ps2_code[1] (OUT)
  -------------------------------------------------------------------    -------------------

Slack:                    inf
  Source:                 ps2_code_reg[5]/C
                            (rising edge-triggered cell FDRE clocked by sys_clk_pin  {rise@0.000ns fall@5.000ns period=10.000ns})
  Destination:            ps2_code[5]
                            (output port)
  Path Group:             (none)
  Path Type:              Min at Fast Process Corner
  Data Path Delay:        2.008ns  (logic 1.397ns (69.568%)  route 0.611ns (30.432%))
  Logic Levels:           1  (OBUF=1)
  Clock Uncertainty:      0.025ns  ((TSJ^2 + TIJ^2)^1/2 + DJ) / 2 + PE
    Total System Jitter     (TSJ):    0.050ns
    Total Input Jitter      (TIJ):    0.000ns
    Discrete Jitter          (DJ):    0.000ns
    Phase Error              (PE):    0.000ns

    Location             Delay type                Incr(ns)  Path(ns)    Netlist Resource(s)
  -------------------------------------------------------------------    -------------------
                         (clock sys_clk_pin rise edge)
                                                      0.000     0.000 r  
    E3                                                0.000     0.000 r  CLK (IN)
                         net (fo=0)                   0.000     0.000    CLK
    E3                   IBUF (Prop_ibuf_I_O)         0.250     0.250 r  CLK_IBUF_inst/O
                         net (fo=1, routed)           0.644     0.894    CLK_IBUF
    BUFGCTRL_X0Y16       BUFG (Prop_bufg_I_O)         0.026     0.920 r  CLK_IBUF_BUFG_inst/O
                         net (fo=65, routed)          0.598     1.517    CLK_IBUF_BUFG
    SLICE_X0Y82          FDRE                                         r  ps2_code_reg[5]/C
  -------------------------------------------------------------------    -------------------
    SLICE_X0Y82          FDRE (Prop_fdre_C_Q)         0.141     1.658 r  ps2_code_reg[5]/Q
                         net (fo=1, routed)           0.611     2.269    ps2_code_OBUF[5]
    U17                  OBUF (Prop_obuf_I_O)         1.256     3.525 r  ps2_code_OBUF[5]_inst/O
                         net (fo=0)                   0.000     3.525    ps2_code[5]
    U17                                                               r  ps2_code[5] (OUT)
  -------------------------------------------------------------------    -------------------

Slack:                    inf
  Source:                 ps2_code_reg[7]/C
                            (rising edge-triggered cell FDRE clocked by sys_clk_pin  {rise@0.000ns fall@5.000ns period=10.000ns})
  Destination:            ps2_code[7]
                            (output port)
  Path Group:             (none)
  Path Type:              Min at Fast Process Corner
  Data Path Delay:        2.009ns  (logic 1.389ns (69.162%)  route 0.619ns (30.838%))
  Logic Levels:           1  (OBUF=1)
  Clock Uncertainty:      0.025ns  ((TSJ^2 + TIJ^2)^1/2 + DJ) / 2 + PE
    Total System Jitter     (TSJ):    0.050ns
    Total Input Jitter      (TIJ):    0.000ns
    Discrete Jitter          (DJ):    0.000ns
    Phase Error              (PE):    0.000ns

    Location             Delay type                Incr(ns)  Path(ns)    Netlist Resource(s)
  -------------------------------------------------------------------    -------------------
                         (clock sys_clk_pin rise edge)
                                                      0.000     0.000 r  
    E3                                                0.000     0.000 r  CLK (IN)
                         net (fo=0)                   0.000     0.000    CLK
    E3                   IBUF (Prop_ibuf_I_O)         0.250     0.250 r  CLK_IBUF_inst/O
                         net (fo=1, routed)           0.644     0.894    CLK_IBUF
    BUFGCTRL_X0Y16       BUFG (Prop_bufg_I_O)         0.026     0.920 r  CLK_IBUF_BUFG_inst/O
                         net (fo=65, routed)          0.598     1.517    CLK_IBUF_BUFG
    SLICE_X0Y82          FDRE                                         r  ps2_code_reg[7]/C
  -------------------------------------------------------------------    -------------------
    SLICE_X0Y82          FDRE (Prop_fdre_C_Q)         0.141     1.658 r  ps2_code_reg[7]/Q
                         net (fo=1, routed)           0.619     2.278    ps2_code_OBUF[7]
    V16                  OBUF (Prop_obuf_I_O)         1.248     3.526 r  ps2_code_OBUF[7]_inst/O
                         net (fo=0)                   0.000     3.526    ps2_code[7]
    V16                                                               r  ps2_code[7] (OUT)
  -------------------------------------------------------------------    -------------------

Slack:                    inf
  Source:                 ps2_code_reg[4]/C
                            (rising edge-triggered cell FDRE clocked by sys_clk_pin  {rise@0.000ns fall@5.000ns period=10.000ns})
  Destination:            ps2_code[4]
                            (output port)
  Path Group:             (none)
  Path Type:              Min at Fast Process Corner
  Data Path Delay:        2.020ns  (logic 1.393ns (68.991%)  route 0.626ns (31.009%))
  Logic Levels:           1  (OBUF=1)
  Clock Uncertainty:      0.025ns  ((TSJ^2 + TIJ^2)^1/2 + DJ) / 2 + PE
    Total System Jitter     (TSJ):    0.050ns
    Total Input Jitter      (TIJ):    0.000ns
    Discrete Jitter          (DJ):    0.000ns
    Phase Error              (PE):    0.000ns

    Location             Delay type                Incr(ns)  Path(ns)    Netlist Resource(s)
  -------------------------------------------------------------------    -------------------
                         (clock sys_clk_pin rise edge)
                                                      0.000     0.000 r  
    E3                                                0.000     0.000 r  CLK (IN)
                         net (fo=0)                   0.000     0.000    CLK
    E3                   IBUF (Prop_ibuf_I_O)         0.250     0.250 r  CLK_IBUF_inst/O
                         net (fo=1, routed)           0.644     0.894    CLK_IBUF
    BUFGCTRL_X0Y16       BUFG (Prop_bufg_I_O)         0.026     0.920 r  CLK_IBUF_BUFG_inst/O
                         net (fo=65, routed)          0.598     1.517    CLK_IBUF_BUFG
    SLICE_X0Y82          FDRE                                         r  ps2_code_reg[4]/C
  -------------------------------------------------------------------    -------------------
    SLICE_X0Y82          FDRE (Prop_fdre_C_Q)         0.141     1.658 r  ps2_code_reg[4]/Q
                         net (fo=1, routed)           0.626     2.285    ps2_code_OBUF[4]
    V17                  OBUF (Prop_obuf_I_O)         1.252     3.537 r  ps2_code_OBUF[4]_inst/O
                         net (fo=0)                   0.000     3.537    ps2_code[4]
    V17                                                               r  ps2_code[4] (OUT)
  -------------------------------------------------------------------    -------------------

Slack:                    inf
  Source:                 led_state_reg[0]/C
                            (rising edge-triggered cell FDRE clocked by sys_clk_pin  {rise@0.000ns fall@5.000ns period=10.000ns})
  Destination:            LED[0]
                            (output port)
  Path Group:             (none)
  Path Type:              Min at Fast Process Corner
  Data Path Delay:        2.018ns  (logic 1.385ns (68.638%)  route 0.633ns (31.362%))
  Logic Levels:           1  (OBUF=1)
  Clock Uncertainty:      0.025ns  ((TSJ^2 + TIJ^2)^1/2 + DJ) / 2 + PE
    Total System Jitter     (TSJ):    0.050ns
    Total Input Jitter      (TIJ):    0.000ns
    Discrete Jitter          (DJ):    0.000ns
    Phase Error              (PE):    0.000ns

    Location             Delay type                Incr(ns)  Path(ns)    Netlist Resource(s)
  -------------------------------------------------------------------    -------------------
                         (clock sys_clk_pin rise edge)
                                                      0.000     0.000 r  
    E3                                                0.000     0.000 r  CLK (IN)
                         net (fo=0)                   0.000     0.000    CLK
    E3                   IBUF (Prop_ibuf_I_O)         0.250     0.250 r  CLK_IBUF_inst/O
                         net (fo=1, routed)           0.644     0.894    CLK_IBUF
    BUFGCTRL_X0Y16       BUFG (Prop_bufg_I_O)         0.026     0.920 r  CLK_IBUF_BUFG_inst/O
                         net (fo=65, routed)          0.600     1.519    CLK_IBUF_BUFG
    SLICE_X2Y84          FDRE                                         r  led_state_reg[0]/C
  -------------------------------------------------------------------    -------------------
    SLICE_X2Y84          FDRE (Prop_fdre_C_Q)         0.164     1.683 r  led_state_reg[0]/Q
                         net (fo=1, routed)           0.633     2.316    LED_OBUF[0]
    H17                  OBUF (Prop_obuf_I_O)         1.221     3.538 r  LED_OBUF[0]_inst/O
                         net (fo=0)                   0.000     3.538    LED[0]
    H17                                                               r  LED[0] (OUT)
  -------------------------------------------------------------------    -------------------

Slack:                    inf
  Source:                 ps2_code_reg[6]/C
                            (rising edge-triggered cell FDRE clocked by sys_clk_pin  {rise@0.000ns fall@5.000ns period=10.000ns})
  Destination:            ps2_code[6]
                            (output port)
  Path Group:             (none)
  Path Type:              Min at Fast Process Corner
  Data Path Delay:        2.021ns  (logic 1.397ns (69.105%)  route 0.625ns (30.895%))
  Logic Levels:           1  (OBUF=1)
  Clock Uncertainty:      0.025ns  ((TSJ^2 + TIJ^2)^1/2 + DJ) / 2 + PE
    Total System Jitter     (TSJ):    0.050ns
    Total Input Jitter      (TIJ):    0.000ns
    Discrete Jitter          (DJ):    0.000ns
    Phase Error              (PE):    0.000ns

    Location             Delay type                Incr(ns)  Path(ns)    Netlist Resource(s)
  -------------------------------------------------------------------    -------------------
                         (clock sys_clk_pin rise edge)
                                                      0.000     0.000 r  
    E3                                                0.000     0.000 r  CLK (IN)
                         net (fo=0)                   0.000     0.000    CLK
    E3                   IBUF (Prop_ibuf_I_O)         0.250     0.250 r  CLK_IBUF_inst/O
                         net (fo=1, routed)           0.644     0.894    CLK_IBUF
    BUFGCTRL_X0Y16       BUFG (Prop_bufg_I_O)         0.026     0.920 r  CLK_IBUF_BUFG_inst/O
                         net (fo=65, routed)          0.598     1.517    CLK_IBUF_BUFG
    SLICE_X0Y82          FDRE                                         r  ps2_code_reg[6]/C
  -------------------------------------------------------------------    -------------------
    SLICE_X0Y82          FDRE (Prop_fdre_C_Q)         0.141     1.658 r  ps2_code_reg[6]/Q
                         net (fo=1, routed)           0.625     2.283    ps2_code_OBUF[6]
    U16                  OBUF (Prop_obuf_I_O)         1.256     3.539 r  ps2_code_OBUF[6]_inst/O
                         net (fo=0)                   0.000     3.539    ps2_code[6]
    U16                                                               r  ps2_code[6] (OUT)
  -------------------------------------------------------------------    -------------------

Slack:                    inf
  Source:                 ps2_code_new_reg/C
                            (rising edge-triggered cell FDRE clocked by sys_clk_pin  {rise@0.000ns fall@5.000ns period=10.000ns})
  Destination:            ps2_code_new
                            (output port)
  Path Group:             (none)
  Path Type:              Min at Fast Process Corner
  Data Path Delay:        2.069ns  (logic 1.410ns (68.175%)  route 0.658ns (31.825%))
  Logic Levels:           1  (OBUF=1)
  Clock Uncertainty:      0.025ns  ((TSJ^2 + TIJ^2)^1/2 + DJ) / 2 + PE
    Total System Jitter     (TSJ):    0.050ns
    Total Input Jitter      (TIJ):    0.000ns
    Discrete Jitter          (DJ):    0.000ns
    Phase Error              (PE):    0.000ns

    Location             Delay type                Incr(ns)  Path(ns)    Netlist Resource(s)
  -------------------------------------------------------------------    -------------------
                         (clock sys_clk_pin rise edge)
                                                      0.000     0.000 r  
    E3                                                0.000     0.000 r  CLK (IN)
                         net (fo=0)                   0.000     0.000    CLK
    E3                   IBUF (Prop_ibuf_I_O)         0.250     0.250 r  CLK_IBUF_inst/O
                         net (fo=1, routed)           0.644     0.894    CLK_IBUF
    BUFGCTRL_X0Y16       BUFG (Prop_bufg_I_O)         0.026     0.920 r  CLK_IBUF_BUFG_inst/O
                         net (fo=65, routed)          0.597     1.516    CLK_IBUF_BUFG
    SLICE_X0Y81          FDRE                                         r  ps2_code_new_reg/C
  -------------------------------------------------------------------    -------------------
    SLICE_X0Y81          FDRE (Prop_fdre_C_Q)         0.141     1.657 r  ps2_code_new_reg/Q
                         net (fo=1, routed)           0.658     2.316    ps2_code_new_OBUF
    V11                  OBUF (Prop_obuf_I_O)         1.269     3.585 r  ps2_code_new_OBUF_inst/O
                         net (fo=0)                   0.000     3.585    ps2_code_new
    V11                                                               r  ps2_code_new (OUT)
  -------------------------------------------------------------------    -------------------





--------------------------------------------------------------------------------------
Path Group:  (none)
From Clock:  
  To Clock:  sys_clk_pin

Max Delay             2 Endpoints
Min Delay             2 Endpoints
--------------------------------------------------------------------------------------


Max Delay Paths
--------------------------------------------------------------------------------------
Slack:                    inf
  Source:                 ps2_data
                            (input port)
  Destination:            sync_ffs_reg[1]/D
                            (rising edge-triggered cell FDRE clocked by sys_clk_pin  {rise@0.000ns fall@5.000ns period=10.000ns})
  Path Group:             (none)
  Path Type:              Setup (Max at Slow Process Corner)
  Data Path Delay:        6.045ns  (logic 1.493ns (24.698%)  route 4.552ns (75.302%))
  Logic Levels:           1  (IBUF=1)
  Clock Path Skew:        5.022ns (DCD - SCD + CPR)
    Destination Clock Delay (DCD):    5.022ns
    Source Clock Delay      (SCD):    0.000ns
    Clock Pessimism Removal (CPR):    0.000ns
  Clock Uncertainty:      0.025ns  ((TSJ^2 + TIJ^2)^1/2 + DJ) / 2 + PE
    Total System Jitter     (TSJ):    0.050ns
    Total Input Jitter      (TIJ):    0.000ns
    Discrete Jitter          (DJ):    0.000ns
    Phase Error              (PE):    0.000ns

    Location             Delay type                Incr(ns)  Path(ns)    Netlist Resource(s)
  -------------------------------------------------------------------    -------------------
    B2                                                0.000     0.000 r  ps2_data (IN)
                         net (fo=0)                   0.000     0.000    ps2_data
    B2                   IBUF (Prop_ibuf_I_O)         1.493     1.493 r  ps2_data_IBUF_inst/O
                         net (fo=1, routed)           4.552     6.045    ps2_data_IBUF
    SLICE_X6Y87          FDRE                                         r  sync_ffs_reg[1]/D
  -------------------------------------------------------------------    -------------------

                         (clock sys_clk_pin rise edge)
                                                      0.000     0.000 r  
    E3                                                0.000     0.000 r  CLK (IN)
                         net (fo=0)                   0.000     0.000    CLK
    E3                   IBUF (Prop_ibuf_I_O)         1.411     1.411 r  CLK_IBUF_inst/O
                         net (fo=1, routed)           1.920     3.331    CLK_IBUF
    BUFGCTRL_X0Y16       BUFG (Prop_bufg_I_O)         0.091     3.422 r  CLK_IBUF_BUFG_inst/O
                         net (fo=65, routed)          1.599     5.022    CLK_IBUF_BUFG
    SLICE_X6Y87          FDRE                                         r  sync_ffs_reg[1]/C

Slack:                    inf
  Source:                 ps2_clk
                            (input port)
  Destination:            sync_ffs_reg[0]/D
                            (rising edge-triggered cell FDRE clocked by sys_clk_pin  {rise@0.000ns fall@5.000ns period=10.000ns})
  Path Group:             (none)
  Path Type:              Setup (Max at Slow Process Corner)
  Data Path Delay:        6.019ns  (logic 1.472ns (24.454%)  route 4.547ns (75.546%))
  Logic Levels:           1  (IBUF=1)
  Clock Path Skew:        5.022ns (DCD - SCD + CPR)
    Destination Clock Delay (DCD):    5.022ns
    Source Clock Delay      (SCD):    0.000ns
    Clock Pessimism Removal (CPR):    0.000ns
  Clock Uncertainty:      0.025ns  ((TSJ^2 + TIJ^2)^1/2 + DJ) / 2 + PE
    Total System Jitter     (TSJ):    0.050ns
    Total Input Jitter      (TIJ):    0.000ns
    Discrete Jitter          (DJ):    0.000ns
    Phase Error              (PE):    0.000ns

    Location             Delay type                Incr(ns)  Path(ns)    Netlist Resource(s)
  -------------------------------------------------------------------    -------------------
    F4                                                0.000     0.000 r  ps2_clk (IN)
                         net (fo=0)                   0.000     0.000    ps2_clk
    F4                   IBUF (Prop_ibuf_I_O)         1.472     1.472 r  ps2_clk_IBUF_inst/O
                         net (fo=1, routed)           4.547     6.019    ps2_clk_IBUF
    SLICE_X6Y87          FDRE                                         r  sync_ffs_reg[0]/D
  -------------------------------------------------------------------    -------------------

                         (clock sys_clk_pin rise edge)
                                                      0.000     0.000 r  
    E3                                                0.000     0.000 r  CLK (IN)
                         net (fo=0)                   0.000     0.000    CLK
    E3                   IBUF (Prop_ibuf_I_O)         1.411     1.411 r  CLK_IBUF_inst/O
                         net (fo=1, routed)           1.920     3.331    CLK_IBUF
    BUFGCTRL_X0Y16       BUFG (Prop_bufg_I_O)         0.091     3.422 r  CLK_IBUF_BUFG_inst/O
                         net (fo=65, routed)          1.599     5.022    CLK_IBUF_BUFG
    SLICE_X6Y87          FDRE                                         r  sync_ffs_reg[0]/C





Min Delay Paths
--------------------------------------------------------------------------------------
Slack:                    inf
  Source:                 ps2_clk
                            (input port)
  Destination:            sync_ffs_reg[0]/D
                            (rising edge-triggered cell FDRE clocked by sys_clk_pin  {rise@0.000ns fall@5.000ns period=10.000ns})
  Path Group:             (none)
  Path Type:              Hold (Min at Fast Process Corner)
  Data Path Delay:        2.373ns  (logic 0.240ns (10.104%)  route 2.133ns (89.896%))
  Logic Levels:           1  (IBUF=1)
  Clock Path Skew:        2.035ns (DCD - SCD - CPR)
    Destination Clock Delay (DCD):    2.035ns
    Source Clock Delay      (SCD):    0.000ns
    Clock Pessimism Removal (CPR):    -0.000ns

    Location             Delay type                Incr(ns)  Path(ns)    Netlist Resource(s)
  -------------------------------------------------------------------    -------------------
    F4                                                0.000     0.000 r  ps2_clk (IN)
                         net (fo=0)                   0.000     0.000    ps2_clk
    F4                   IBUF (Prop_ibuf_I_O)         0.240     0.240 r  ps2_clk_IBUF_inst/O
                         net (fo=1, routed)           2.133     2.373    ps2_clk_IBUF
    SLICE_X6Y87          FDRE                                         r  sync_ffs_reg[0]/D
  -------------------------------------------------------------------    -------------------

                         (clock sys_clk_pin rise edge)
                                                      0.000     0.000 r  
    E3                                                0.000     0.000 r  CLK (IN)
                         net (fo=0)                   0.000     0.000    CLK
    E3                   IBUF (Prop_ibuf_I_O)         0.438     0.438 r  CLK_IBUF_inst/O
                         net (fo=1, routed)           0.699     1.136    CLK_IBUF
    BUFGCTRL_X0Y16       BUFG (Prop_bufg_I_O)         0.029     1.165 r  CLK_IBUF_BUFG_inst/O
                         net (fo=65, routed)          0.870     2.035    CLK_IBUF_BUFG
    SLICE_X6Y87          FDRE                                         r  sync_ffs_reg[0]/C

Slack:                    inf
  Source:                 ps2_data
                            (input port)
  Destination:            sync_ffs_reg[1]/D
                            (rising edge-triggered cell FDRE clocked by sys_clk_pin  {rise@0.000ns fall@5.000ns period=10.000ns})
  Path Group:             (none)
  Path Type:              Hold (Min at Fast Process Corner)
  Data Path Delay:        2.431ns  (logic 0.261ns (10.720%)  route 2.171ns (89.280%))
  Logic Levels:           1  (IBUF=1)
  Clock Path Skew:        2.035ns (DCD - SCD - CPR)
    Destination Clock Delay (DCD):    2.035ns
    Source Clock Delay      (SCD):    0.000ns
    Clock Pessimism Removal (CPR):    -0.000ns

    Location             Delay type                Incr(ns)  Path(ns)    Netlist Resource(s)
  -------------------------------------------------------------------    -------------------
    B2                                                0.000     0.000 r  ps2_data (IN)
                         net (fo=0)                   0.000     0.000    ps2_data
    B2                   IBUF (Prop_ibuf_I_O)         0.261     0.261 r  ps2_data_IBUF_inst/O
                         net (fo=1, routed)           2.171     2.431    ps2_data_IBUF
    SLICE_X6Y87          FDRE                                         r  sync_ffs_reg[1]/D
  -------------------------------------------------------------------    -------------------

                         (clock sys_clk_pin rise edge)
                                                      0.000     0.000 r  
    E3                                                0.000     0.000 r  CLK (IN)
                         net (fo=0)                   0.000     0.000    CLK
    E3                   IBUF (Prop_ibuf_I_O)         0.438     0.438 r  CLK_IBUF_inst/O
                         net (fo=1, routed)           0.699     1.136    CLK_IBUF
    BUFGCTRL_X0Y16       BUFG (Prop_bufg_I_O)         0.029     1.165 r  CLK_IBUF_BUFG_inst/O
                         net (fo=65, routed)          0.870     2.035    CLK_IBUF_BUFG
    SLICE_X6Y87          FDRE                                         r  sync_ffs_reg[1]/C





